PCA1,PCA2,Cluster
-0.10615595187164352,1.150571875333441,0
0.19456313433626107,0.9304846487249634,0
0.38252748430426614,-1.0931341923424567,1
1.2347294928608137,-0.34227925767001477,1
-0.8885011791322669,0.5616289580391702,2
1.4545663562439977,0.768071151083938,0
0.679276326110399,-1.9636747804058756,1
-0.6793054620207619,-0.3991654154411953,2
0.05906291304103682,1.736168958291938,0
-0.5326252412166482,1.5477184258567136,2
0.3088019764963745,0.9007797002203402,0
0.464343107197724,0.6050578981957017,0
-0.7029395972732031,-1.835381273353659,2
-1.0547510728168739,-0.2889488967821885,2
0.3782799078603237,-0.5141493355044477,1
-0.6901307859864332,1.2914970029379553,0
-0.027539551726616273,-0.3437306023638608,1
-0.5854221959886984,0.6569872258345166,2
0.6004386606171627,-0.2747265906606483,0
-0.9005310646108255,-0.5538847332141622,2
-0.47809706960956566,-0.1648310254777327,1
-1.5296608512959697,-1.2013422556943654,2
1.255317910402354,-0.17399070233119396,0
0.8062512916223319,0.2446338083545908,0
-1.693161609701399,0.5006743247304288,2
1.2863297037142674,0.8193390160510707,0
0.189884104667373,0.8368874804514959,0
1.014763490968385,1.2904613554857949,0
0.6418063389044858,1.8338099944400408,0
0.6742711937796342,-0.07762956988838253,0
0.8647251499582517,0.37947612098239447,0
0.8817562994998565,-1.6898954359317278,1
-0.4307946396008901,1.2665983832341474,0
0.43856834491675406,-0.5027576950375036,2
-0.6064641169693015,-1.1016820851695361,2
1.8172287832329546,-0.2221733376166233,0
-0.3625346279947833,-0.5410981320830529,2
0.9907103229907136,-0.19157576741150736,0
-1.8731935594890512,-0.7483390559903887,2
-0.5884257850881172,0.47318858515313983,2
0.8356776621644159,0.18509483079887948,0
0.3619068498083311,-1.1208239421330735,2
0.6771786673053977,-1.0390194161056263,1
-1.1705093745644188,0.30288701499401144,2
-0.30034016454740337,-0.9387544392018705,1
-2.126527785916442,1.069993173962726,2
-0.8160132904876983,0.3626324646735456,2
1.5605117651563811,-0.541609848981742,1
-0.7111524961659627,1.5380980760602572,0
-0.45499197896270915,0.34375570091534063,2
-1.2956808559726931,0.14000514759437738,2
0.5475172824309732,-0.12403964048729715,1
-0.43807703996576247,1.6763289755604123,0
0.4565388845626069,-0.006310179220820177,2
0.014696446362749973,1.3947988390424848,0
-0.9694846934504219,-0.22867692371692133,2
-0.44946336193074654,-0.44867650790979335,2
1.6059414230798228,0.2779725822762022,0
-0.5591341420503604,0.08452185517063854,1
0.08219489459671085,0.519256024252479,1
0.30413273867885604,-0.20789194985794393,1
-0.7020731555501739,1.210508561988575,0
0.6925718092674014,-1.9249756297569791,1
0.20069308289331725,-1.0189738992703639,2
0.09792188146082313,-1.5283210277043797,2
0.22008425198775114,-0.16112575805822257,1
0.28042331054413416,-0.08450592685610005,2
-0.6541481394480451,-1.5018670993760228,2
-1.1536115392091992,-1.0981830446981762,2
0.13727830296411275,-1.2885218920068116,2
-0.7331755403218201,-0.9337790890246518,1
0.8677174299831332,0.5465778878575711,0
-1.5611024270533498,-0.47770878125670685,2
-0.8606406444823796,-0.3103438297235191,1
-0.3396720508185614,1.65465432962614,0
-1.4936892640648858,0.41786610460755064,2
0.10892238360979634,1.0602285392769653,0
0.8724442995052263,1.0253652369588662,0
-0.31710127359386353,0.8181093011864538,0
-1.8446265038787195,-0.46648427549587385,2
1.6872379890724378,-0.5451651404401103,1
-0.17430722728469722,-0.9176856912990611,1
-0.1625338592847445,0.24405073536694114,1
-0.07481113416526955,1.168043819431965,2
-1.7599122388219737,1.487626865645381,2
0.5077083809131837,1.033704959110326,0
-0.11760126293610257,1.4035859077911261,0
0.07908980574223727,-1.1519563117607425,1
1.232647876881345,-1.8542880892802014,1
-0.19902742181474026,-0.4128292365339652,1
0.1957780555123395,0.47895179540208166,0
0.7107848774386667,0.9095919464226043,0
1.7822911333525442,0.9534855607995351,0
1.7972980579749622,0.16788653253040983,0
0.3483512840117807,0.055545880712380036,1
-0.5637163194537721,1.2862163045225923,2
1.2527855478209948,-1.2102794557920884,1
1.407727981525154,-0.739661554606818,1
-1.6231190618485754,-0.32619384374311,2
0.2655324823058648,0.7601577838556934,0
-0.43129521419529526,0.2334988871256223,2
0.07845559417283926,1.1905730171257423,0
0.25247700738510837,1.451633716148279,0
0.06385528783430762,1.1250851653305454,0
0.8635125107253583,0.298990782437102,0
0.37513753619169726,1.5216709130088588,0
0.14333102594393038,-1.1112999863256303,1
-1.7214069076152287,-1.261396880839679,2
-1.5544050905988434,0.49011410673211425,2
1.4355478033934965,0.5175808934197583,0
-0.7235214676872417,-1.6232625155990568,2
-0.0736600081923493,-0.40737879202076277,2
0.06921531499215086,0.5210786334603954,0
-1.664091242735353,0.7496557906809421,2
-0.12970353397150092,1.9135159837050044,0
-1.5252377171742373,-0.6017788867952125,2
1.359941992495418,-0.70238935204492,1
-1.5628810496340384,-0.4986334044149171,2
0.3436572944282775,0.3517922067153107,0
-0.24622422016369672,-0.528640883332805,1
0.8773274654813491,-0.40746863155790797,0
-1.0720534746672863,-0.7240953082203111,2
-0.615054631591026,0.63296899847313,2
0.08359598739580398,-0.4827716507805466,2
1.139818870514107,-0.5642143090484751,1
1.4514846794282263,1.2833203071269517,0
2.1092379241813455,0.9169960275044292,0
-0.1902026157090862,0.8075888968900562,0
-2.315856706450167,-0.778773331176858,2
0.4566548900536304,-1.3568753768471111,1
-1.4144750134927708,-0.7028080376557267,2
1.0702675412418363,0.15133309474570886,0
-0.867851914723221,-0.12282699712961824,1
-0.7110109785365795,-1.0700611641313944,2
1.8791918953531872,0.27210048279756877,0
-0.36747872618201677,0.272443727489037,2
0.035550255209869694,-0.17017783195461025,1
-0.536090841647978,0.16056530001474187,2
-0.8124754213086233,-1.3075419283602543,2
-0.5310767085047161,-0.6955549721958431,1
-1.5053171046504312,-0.2094198263456861,2
2.13942367043433,0.7346379104311592,0
0.5960923789237503,0.6241134863182001,0
-0.7280460625110067,-0.053542677772671375,1
1.1330469744797786,-0.484712771524135,0
0.5320954990004758,-0.539901970636363,1
-0.9803967591985085,-0.2500345966529564,2
0.10189500286113636,1.2953703889723602,0
1.5852794628148232,-1.546549967999769,1
-0.3566275962359742,0.633032290575273,2
-0.37252644222684805,-0.3099923533094234,2
1.003147399260589,0.8056233864331903,0
-0.45939174747332345,-2.0186721010997966,2
-0.9216053395600975,1.5027074113101062,0
-0.4277173296135266,1.4128347044285412,2
-0.3272596604747591,0.6178158473320116,0
1.0781576488763385,-1.4400105539172923,1
-0.7225246141079279,-1.3720260042747312,2
-1.4220891623996006,0.16349688541552007,2
1.0286784747896585,0.29120509710925624,0
-1.1934323152584896,-0.7162994876013292,2
1.4731353348278045,-0.4764801014984109,1
-0.13961177281656048,-1.560842646480417,1
0.058966833632389956,0.3116790721584615,0
1.7599176124021845,1.3113012491015756,0
-0.11769992487570698,1.3968636505994407,0
0.5801107725554242,-0.8476247066893764,2
0.7989192880055745,1.344280118433199,0
-1.1167451618061144,0.15899593832136083,2
0.3800564573416388,-0.2381775374709011,0
-1.249181489802039,0.5098903973610838,2
-1.025455483368803,1.0651036609434454,2
-0.9380928298420421,0.4553660510898552,2
0.10543267334310681,1.8193253474964504,0
-0.9058507689184296,-0.8587954559804328,2
0.530211663135359,1.1636273528004053,0
1.053997717125863,-1.3724884470790868,1
0.9195780828306825,0.516247555924252,0
1.0346233678466292,1.1101945251408023,0
-0.9529271925170903,0.17343544687520956,2
0.8527704067962623,-1.0612219358581458,1
0.9819229196016792,-1.2685701767365913,1
1.1182807449493108,-1.004539283228971,1
0.4455229629891151,0.7471223352136812,0
2.2006315684906546,-0.1674289748372723,0
-0.9108076124858862,-0.7877482833472377,2
0.5869353591293465,-0.9677144729410921,1
0.2763220799933868,-0.7801600760061684,1
0.7492062191306987,0.495559801538529,0
1.0350884694826148,0.13541685366283915,0
0.8388542976838715,-0.20937372070666924,0
-0.8620774189224567,-0.40307645967340955,2
1.5588500330659012,-0.36778843100318437,0
1.2716062036980365,-0.025763075968413273,0
-1.3714353525341163,1.5836133202035005,2
0.49247982480778824,1.0455710500556583,0
-2.038405075652085,-0.5365136562920654,2
-0.24381909372567043,0.8284250891872795,2
-0.4861965717934068,-0.68261342142827,2
-0.2488008278052654,-1.087099313792618,2
-0.8479531059446792,-0.07388257232441858,2
0.09812793985876334,1.046170274670746,0
-1.1663397995635882,1.2201002863324906,2
1.5411453600276401,-1.1469354167882877,1
0.6358230626220227,-1.2303399155208012,1
0.31958590827727545,0.9462289030900706,0
0.06703808937553964,-1.157544434617821,1
1.0441700651049135,-0.6507256048298977,1
1.5071920533027574,1.141138981639008,0
-2.0939640942991113,-0.1993721440771354,2
-0.398375791078182,-1.3479463675414451,1
0.8765578785309008,-1.8642457836963673,1
-0.47315572962789704,0.9409337626838342,2
-0.585827273617937,0.9300949872173188,2
0.736208816184591,1.442484685883018,0
0.7745825027147198,0.11602450196566581,1
1.0041529903173607,-1.193078724223564,1
-1.5120488362144429,-0.07603598287346217,2
0.40829694034248404,1.5064777865173833,0
0.8933603589672379,0.0729649995957524,0
0.19370257035660682,-0.4392403304882858,2
1.440310018931,0.520043213484879,0
-0.06446827722755173,0.5231773134277334,0
1.1734409526815752,-0.4888509807328205,1
-2.2372272821510215,-0.7776510207772842,2
-1.882513858848595,-0.5404562120590639,2
-0.36479607634526984,0.1342607631451028,1
0.757324526940364,-0.8410047651068475,1
-0.09657088792805718,0.7905982285025015,0
-0.2725439797165504,-0.26842003296543404,1
-1.1822144943468071,1.4675609305232753,2
-0.3412242606581785,0.6657979642529539,0
-2.0484890754037353,-0.7967809878626264,2
-0.46082713770699363,1.3075471157059761,2
0.47926946508904505,-1.5718762454623674,1
-0.6348658438458605,-1.9879857486496197,2
0.6675757086556383,-0.20808070775319704,1
-0.047193622729087774,0.8050101027630965,0
2.140478319907242,0.06622166232167549,0
0.5395431222069605,1.4594130810219301,0
-0.4194694947911465,0.9601966207560845,0
-0.05351814965363806,-0.49983535322828354,2
1.3856299511993355,0.5419228971959897,0
0.24895804036931737,0.9394722626023881,0
0.5569229692582968,1.2131597229560973,0
-0.7144211434717861,0.8951358739661212,2
1.0504885708159228,0.37034287867989196,0
1.1767537114712634,0.05738385795735443,0
0.21113368054889203,-0.37684544627523464,1
-1.0881511221622424,-1.1926192955615942,1
-1.822844944612548,0.8376221903660126,2
0.7149094907606106,2.162538561374939,0
-0.8486124194057493,-0.4842822729745747,1
1.1040830734375062,-1.0399624140728079,1
-0.027195292474445874,0.9349950290163177,0
-1.414297791270833,0.46778978797400167,2
0.44686410650694824,1.1361534434033354,0
-0.1994428922538106,0.4065067167988043,0
2.117950956679189,0.6672513046895067,0
0.9740884877065744,1.823702264247618,0
1.8066884382645967,0.07088176455488004,0
-0.8160666686593191,-0.030076281269873714,1
0.8894680558372756,-0.2681716747862229,0
-0.7328885716303998,-1.884584287669272,2
0.1727068894459125,-1.9562920246943858,1
-1.902114478271401,0.3076557623124724,2
2.0035274451867933,-0.39758392025342565,1
-2.3402649381178806,-0.8872025521360566,2
-1.8672800597300492,-0.6288128996407513,2
0.3076330400045874,0.9528630564081672,0
1.3203015228358446,-0.011053859088351402,0
1.2293479173627384,0.5126643299882216,0
-0.5410211005950444,-0.8042923534738324,1
0.17380965700539733,0.3368146585934207,0
-0.7061176516115281,0.714567191729232,0
1.292669357799783,0.8276436208702572,0
1.1950755592637563,-1.7496571372717775,1
-1.0165148030608602,-1.5468183130337412,2
-1.7028453409491604,-0.3231934283780744,2
2.167860158718429,0.4941658106355187,0
0.8753206058827215,-1.75054209732016,1
-0.2504438432963,0.6840248461793688,2
-1.065795471074608,1.6762969991625054,2
0.9068088351298557,-2.1018249445413857,1
-0.4733060512143283,-0.2085967993287916,1
0.6205031332205049,1.109991169878475,0
0.3293015902997143,-1.5242731851797033,1
-0.21698926505101293,-1.6024666215439198,1
-0.9854133366549697,1.2126499486526092,2
-1.3873935039510548,-0.8567185230338957,2
0.9690301977195187,-0.42674930799532645,1
0.4521570764643078,0.1484903655172012,0
0.11425098404527703,-0.9806702670833506,1
0.9481114182853466,0.7300128206085358,0
0.325710994297849,1.043944465915464,0
0.9813635010458674,1.3640484268800472,0
1.1235588679890438,-0.2098831099908277,1
0.21364681744978684,-1.9780098254109584,1
2.159581896701157,0.05055174851044776,0
1.4773474720947894,-0.8947965139838563,1
-0.3261406258040517,0.43664951486993797,2
-1.1086664659021415,0.42843316335578363,2
-0.33338116007069274,-0.946748633946255,2
1.124932787197864,-0.38420429610045415,1
0.45206223391477374,-1.2005711262824166,1
0.2443966603207177,1.6970782440543872,0
0.05282244530139712,0.2228197608632439,2
1.7813114191075354,-1.0240085867585647,1
0.9473309400173746,-0.2316765836019803,1
1.0467856154104722,0.10139766921650686,1
1.8817804537919292,-0.034797267856664246,0
0.9188300517196917,0.2787401121926411,0
0.7579582480770397,0.8402358502741848,0
1.0532108512530602,-0.5540921724679371,1
-0.8696880308170906,-1.0727978840240322,1
-1.6672394506429924,-1.1459959676958633,2
-1.9453721961394672,0.944499470348785,2
-1.2835616116147772,-1.1757582015970391,2
0.2539788049921243,-0.6028439257405447,2
-1.797635760117987,-0.13462677542479234,2
-0.43230285706311217,0.9383675134790574,2
-0.5837990616100033,-1.6531864721514329,2
-0.40492893619666037,1.5706845768379005,0
-0.6973585081912699,1.402542314405709,2
1.7997678879619914,0.4723074351530208,0
-0.4518792237210531,1.7298400017143152,0
0.7657828987522114,-0.10942372700039642,0
0.22864371993799168,-0.6538577648049684,2
0.16845788678972107,0.4257713078460741,2
-1.533421370109538,-0.3529017968171958,2
0.5089085150012299,-0.48132983746471125,1
-1.2076220469756804,-1.0384619723467745,1
-0.17688570344021234,0.7956628104007745,0
-0.5266513683594599,1.4985861726610517,0
1.733117161856272,-0.3917393487818785,0
0.45860686222337543,-1.3253925023567046,1
0.34672810702822604,-1.1116413521291881,1
0.703926068974151,0.7478075190196531,0
-0.4446611788286138,-0.5921160320296505,2
-0.18221015704485477,-0.7540665711930684,1
1.4791353313109,-0.758743332819884,1
-0.31122973125780223,0.4079854660446397,2
-0.5183692947930841,-0.42806357134144674,2
-0.484227016695096,-1.847805121914852,2
-1.1559547924560576,1.9283356296169645,2
0.32457027544648936,-0.5692301715022174,1
0.2376125077463573,-0.9554574254360464,1
1.2928475641201238,0.6853266185390867,0
-0.8376890226279746,0.9904106130788177,2
-1.711989863401987,-0.3090060487972983,2
0.33618005631316833,0.15640324409003156,0
-2.245815832914333,-0.06938367784736944,2
1.4766200479379705,-0.03770443607886749,0
0.30064579962809895,0.7902388052092233,0
-0.05768540892079216,2.018162093624732,0
-0.08839804663240065,1.5865734248774044,0
0.5465767759283342,0.828561352782042,0
-0.680939065784643,1.1690757587141274,2
0.5392915499277456,-1.2356836663697701,1
-0.09372042949738407,-0.23466784782653072,2
-0.3168137469520954,-1.1728009081640425,1
0.6869481324625814,-0.30004221371628564,1
0.37977479493031735,-0.5860792544594141,1
1.0251103045627847,0.7348318100143036,0
-1.1665915190664615,-1.1515376438292915,2
-1.8279908493345405,1.2590110456906582,2
1.360688021520284,0.8459116720399875,0
1.4228965589106612,0.9279023001303707,0
1.3695231352134245,0.048895950652328254,0
-1.3475755043768682,1.1543815365940007,2
0.4320099539368709,-1.8249229002728393,1
0.3509290467920471,-0.3509630335546558,1
0.05635376445082415,0.09530503916804893,0
-0.08208911735714249,0.6429137696647133,1
1.7867801166653583,0.6790111780851438,0
-0.44878049934981523,-0.9961037613770756,2
1.191436993618204,0.5736026663108634,0
0.7555240169484417,-1.8321797921016583,1
0.5217397432744995,-1.328804905467174,1
0.9263112229164048,0.6732689629452662,0
-0.4072697961037584,-1.4863131250556372,1
-1.1165509287689033,-1.020464562804008,2
-1.0080616707831802,-1.3481616303797257,2
0.558269543647677,-1.865785470402933,1
1.6522860940194382,0.4327377236058393,0
-1.489170485342755,0.17667591430935992,2
-0.26280699777500255,0.11909702223581277,2
1.73657469804209,-0.5588864230303726,1
0.7989087636880892,-0.23713340992492396,0
-0.2533546247583594,1.2729295869853268,0
-2.086963129813711,-0.5776388765225445,2
0.1344993263227848,0.4077263761169364,2
-1.0457610674527305,-0.19430721488299382,2
-0.05892345110983611,1.351777274421254,0
-0.7898007641097389,-0.7692004158742981,2
0.5214891255289734,-0.3164755045269527,1
-0.7472415572181292,0.08249848346710983,2
-0.37488443948490924,0.49015421411053767,1
0.1194713082595551,1.2162648006246841,0
0.7368433878159817,-1.6995967242947443,1
1.4416107580728847,-0.42755325623903656,0
-0.02838720668304299,0.596583717661115,0
-0.18794281679400432,1.5289449776360502,0
0.2925505554184952,1.3497963701754923,0
0.4850556784953031,0.04265077055267536,0
1.0037390041041623,0.3231930264918982,0
0.680077919056378,-2.080310066724974,1
-0.4630451933760589,-0.9467035793461311,1
-0.7741595178686699,-0.12967219554764942,2
-0.2643011189256294,0.7344550118905997,2
-1.5156679844974568,-0.8356098644437278,2
-0.9481411016533523,-0.743179638764626,2
-0.19141366365010237,0.09646043248036637,2
1.109087856862976,-0.21516027516414307,0
-0.589137476126602,-0.110607908064896,2
-1.2200017793760087,-1.4075341577180605,2
0.610604427994229,0.5356599580069189,0
-1.3130018128022996,0.229158195329292,2
-2.4532217011106088,-0.19760991702876063,2
-0.4594512526963055,1.053033896431163,0
-1.4200193983697647,-0.6288135237005613,2
1.6279578869223583,0.27518070203880796,0
0.3509460840202817,0.8068240829475745,0
-0.13561193035421223,1.270742614505299,0
0.8722984222193737,-0.6039579707256861,1
0.4994136139904954,1.2835236901393938,0
0.79187243700545,-0.5487037961589982,0
1.0087232235520858,-1.708683734651288,1
-0.416152818420513,2.0062587003011156,0
0.3133643171011403,-0.9923763175272527,1
-1.2487123104736386,-0.5647825496786726,1
1.0487776046949673,-0.6260933798200907,1
-0.15572376697250492,0.6334247537462445,2
-0.8132336513874749,-0.9546216168126722,2
-0.8907697265947937,0.32204528712841685,2
-1.0487792309568817,1.3973272395787308,2
-0.7147435616103494,-1.2423955012444385,2
-1.3525719035326023,1.1338603362176287,2
-0.8776661696368513,-0.36076029229874534,2
0.7122536727848872,1.1447016032334796,0
1.9954483558115463,-0.1990200148746111,0
-1.6359253815834471,0.01278753912247197,2
0.8135213391867218,0.2234706631429885,1
1.0472283659403876,-0.9714497116457861,1
-0.3846328565413101,-1.430423198113549,2
-1.7492435515029494,-0.4026175162921761,2
0.9083014240994064,-1.2312665800479679,1
-1.695181764810943,0.027956182755411375,2
-0.9503894253811449,-1.3984881528722148,2
0.41095338517674934,-1.2981640486336554,1
-0.04059321674076167,1.0992155534122825,0
-1.592380307247335,0.38504785736003994,2
0.16756841716746335,-0.01937893003800234,2
-0.44818930475663366,2.2413714745552906,0
0.28676249898846495,-0.689524847223597,1
0.8484571297017421,-0.9679032191480405,1
-0.23273182038024257,0.7362727685164149,2
-0.752732707337279,0.7659858276456409,2
-0.6871242683509823,0.5383353666317267,2
-0.9640894538760815,-0.33604586755165666,1
1.5576211080215052,-1.4265762408760785,1
-1.3335996083753663,0.135829830640158,2
0.526982897508103,-0.17875642487444687,1
0.18833044555210354,0.3060891420410431,2
1.3181041229254957,-0.051965818307666195,0
-1.447977885976219,0.4146034889592251,2
0.7350557740599818,-0.6652571732491587,1
1.3838694495109012,0.5423364449546461,0
1.5701104867621731,-0.5159896691475107,1
-0.6204320830669355,1.162765014176854,0
1.2147345536959484,0.6843067085113426,0
1.29309338938188,-0.8800216996301571,1
-0.6132611936411887,0.5147703221824282,2
-1.1359378706560543,0.05846775122698063,2
-0.3915097366710168,-0.7391106404953524,2
-1.724356832749017,0.31207381234808534,2
0.12752195405221042,-1.1376434496226089,1
1.2117948420267455,1.1421217498053733,0
0.445634741011339,-0.062270198153979196,1
-1.5571710842762347,1.26014241758868,2
1.0724255664282238,0.47338468325874583,0
0.8482878487864548,0.9605958141884191,0
-0.49064807546684697,-0.05110577883602588,2
-0.9392385285506933,0.4203189119623305,2
1.216462696051859,0.3213435967787874,0
0.07806427408520647,-0.8257669299724654,1
-1.4142915741596032,-0.7602593186899224,2
0.7484703727199545,0.21307438739646223,0
-0.38359578804685024,-0.9330999183964847,1
-0.6652311549403905,-0.6563351647814011,2
-2.142117094983068,0.02409872911318346,2
-1.008258110762217,-0.5538302351394289,2
-1.2327749527487835,-0.10262687036886028,2
-0.5639463217556395,0.5330111989692191,2
-0.9449588498558621,-1.497544397987325,2
-0.24972385526952182,-0.6425883150455781,2
-1.3436404976616572,0.32418834646748806,2
-0.08231250986948022,0.5382269962805145,0
-0.06026481409503777,0.3643857512650267,2
-0.5962070508819857,-0.8882926160226371,2
0.43925658469074874,-0.4896463458657046,1
-0.32424098014388875,-1.0724813577210213,1
-0.7990889752613582,0.6718132348478333,2
-1.420493562426118,0.37797931331472157,2
-1.0655964233654984,0.2539215161203601,2
-0.3904662075343941,0.9879992722995463,0
0.7223053760039431,1.0661506610211848,0
-1.0189994022165743,1.3733790100008683,2
-0.10445512258978681,1.2951316086723277,0
0.20205915961870244,0.5206219324504376,0
0.7265758701999998,-1.0796064515137722,1
-1.0567564716620697,-0.4927658735980281,1
0.5359544326573301,-1.2913742338819396,1
0.9941926061536981,-1.7737175208090397,1
0.5272425684111719,1.941440298395747,0
-0.7003158308618794,-1.3040982758447783,2
-0.023546596760724233,0.9675080202108679,0
-1.8626762544374178,1.1258623354547201,2
-0.675699982352657,-1.2163436541539432,2
0.423764438894713,0.8643306124387454,0
0.12086017113965901,-0.02851300838656399,1
0.19512501967192378,1.449314626940273,0
0.821683480223201,-1.2715954398617615,1
1.7216337020496946,-1.6069717811170452,1
-0.15388884124236435,1.1600706425433078,0
-0.527650523365863,1.4569888447732742,0
1.3625918397593577,-1.2539776811251027,1
-0.18396956045794574,-0.3057199117840741,2
-0.2689860630155537,-0.9751829866228895,1
0.004739278115747932,0.45738625490918017,1
-0.930824842851087,-1.0751402961767005,2
1.0324460041971013,0.683759630330474,0
0.5410370267860748,1.3540625588765836,0
1.6327132362263779,-0.11316362266896664,0
0.2651489830080302,-0.27899085182066335,1
-0.8664947840705883,2.0172821993879366,0
0.30037016523758026,1.9748915249614412,0
-0.2282695127343121,-0.12909425180652132,2
1.7596583304181792,0.3052836695434119,0
1.0189804598884051,-0.9634970317863651,1
-0.9144939768934204,0.10384813282307505,2
0.6530897034166618,-0.061144815086969166,0
2.231706448488071,-0.30215574102891807,0
1.3006685622304457,0.6226588931359224,0
0.5260758380784673,0.3407493585391138,1
0.4880130471979815,1.427454995128168,0
0.23355062823341163,1.2054966275593524,0
1.7044728609368216,-0.45138691811695636,0
1.0282843291972779,-1.0258206639052394,1
0.8863467284022427,-0.8304509754011,1
0.7877555690845347,-0.7534425031562563,1
0.22936604408692815,0.3325223003183201,0
1.5986438729706645,0.440165395746081,0
0.9277686494082067,-0.7239070715856964,1
-0.810917773671997,1.960231734123673,0
0.6318966253809922,1.649290287962399,0
-0.2749993172580363,1.396836349876606,0
0.7541563986333637,0.10965809164565068,1
-1.2414808690717867,0.681683304713044,2
1.2790139923498507,0.30956421178095184,0
1.1519059981867192,0.9583852367463669,0
0.8003700248505071,-0.752339523834274,1
-0.11481980660936245,0.6981593414283652,0
-0.37095534335467534,-0.01555215802343399,1
-0.34799527754975523,-1.2766796437704893,1
-0.49509312895474894,-0.3949063002998921,1
1.5150836724304817,-0.828090697630337,1
-0.6579216800591395,1.590891965941935,2
0.6531238886467114,-1.7959027493692472,1
1.7406983010894406,-0.6235357137400741,1
-1.4561450611596882,-0.8718863627561436,2
0.2656636867283489,0.5229946279575827,0
0.022981318054451465,1.2656541397790044,0
0.7705897225304047,1.7528237597896856,0
-0.15880315583173243,1.4357044484803585,0
-0.917242305002183,1.162519275857454,2
-1.705418091295566,-1.0288374737146595,2
1.5104565123393996,0.10917011446850672,0
-1.6367228764346313,-1.213445623151399,2
-1.055191939515164,-0.5283797653468048,2
-0.9508644484076698,-0.9277107801999824,2
-0.5783956939237975,-0.254876490921276,2
-0.43140026185384056,-0.8901989636625653,1
0.32579441079956606,-1.4799181127939645,1
-1.2402089042278974,-0.2061080992009818,2
-0.10670167085077197,-1.8564377647959078,1
0.37533421486488383,-1.4333712649672299,1
-1.7938733371139974,-0.15064858249504612,2
-2.18967122200427,-0.5692656139161515,2
-0.6001615694799236,-1.9653059452463344,2
1.1282051862208282,0.16790197517592678,0
-2.5398407875900015,-0.315380343995123,2
0.7652391200322125,0.45368194967639225,0
2.215240111058319,0.4498867425656709,0
-0.2890127656211372,1.9700264022788412,0
0.8820912789954605,-1.4043645513849021,1
-1.0256589608633864,-0.5754013362409219,2
-0.36202173307244523,-0.7594685427774094,1
-2.4097282675048626,-0.4598545043950287,2
1.1772658588919154,-0.598601054991683,1
-1.909647144045131,-1.141431055398161,2
-0.1609191546787574,-0.9728652317583258,1
-1.9862907709291893,0.3803522512410262,2
0.8973810368873262,0.2916813199563385,0
1.4403839404294023,0.4156500392410577,0
0.5694078722263618,1.2533881538799307,0
0.957429422001611,-0.7216079338661269,1
-1.7747266768385712,-0.06061861327014652,2
0.741579732346819,-1.7889286489269156,1
-0.7648799783425329,-1.106940253655683,1
0.6418572445308411,0.8471565525486514,0
0.31560807389210765,-0.3593476540598256,1
-1.3759325749824234,-0.5285530930250986,2
-0.36383206841270127,-0.4927646297697257,1
0.5989178687910582,1.0801369020107743,0
-1.2742508282521743,0.2201387601081278,2
-0.6472260267538049,-0.11302217510714486,1
-0.29223909069748816,0.8253464677153625,0
-1.4463749885913986,-0.778290442078646,2
-0.17364026312578554,0.3130694035260472,0
-2.6150035561287766,-0.4486594793604796,2
-0.2144809725730422,-0.8343128322824472,2
-1.567243669522853,0.8746043105088132,2
0.949027981224911,-1.233676117671569,1
-1.430721827302853,-1.034266798741659,2
0.4339643980456275,0.4698548897524863,0
1.4830452011504052,0.6762568768757812,0
0.6925962077308884,1.1618090077392003,0
0.23355878473908465,0.9164921673588006,0
-0.8290615876557036,1.0308514168558338,2
-0.34992955616538013,-0.5323427833516382,1
1.1328356151882082,0.7933105239996121,0
0.20752308186381888,1.4948167451058534,0
1.653147287087588,0.08510160887324233,0
-0.5832720442510178,-0.2622652976983507,2
0.5356416948169335,0.4180514852716129,0
-1.3197235674548844,1.6637076963295203,2
1.120923864344963,-0.17029318957535666,0
1.7023345322068926,0.546433367175777,0
-0.6283766325199426,0.4353652956601148,2
1.3780326390466804,-1.8393267679981877,1
0.08834560603807406,0.9157684648087576,0
0.06483345986280999,0.21470642520408556,0
-0.5055884065780585,-0.7113207892958943,1
0.8271962180324508,-0.8415319348794874,1
0.6585738697387682,1.9778382278010402,0
0.933826903290283,-1.7772779640634915,1
-0.03330617236451548,-1.8731509509525386,1
-0.23154526791274993,-1.2965839141066315,1
-1.4276149385032628,-0.08585750355073632,2
-0.5955270729367882,-1.4123895858774913,2
-0.8309533104691853,-0.010609450329260984,2
1.560141760510895,1.0031259832276027,0
-0.7705031002341967,0.10357032684236525,2
1.2221782764891873,0.7852125114954676,0
-0.7312146921022478,0.9627006935409429,2
-0.40689665806869313,-1.0165843787902618,2
-0.41892698217389046,-1.9042336871141268,2
0.03970937665732512,-0.9536105903751259,1
-1.5794126550535814,0.01559809054804952,2
0.9110053653297825,-0.8978818250428938,1
0.5170251924150616,-0.17826935242552172,2
-0.9906289202259058,0.5413950651708839,2
0.46324032431742596,0.7347418994360525,0
1.0066413459833268,0.5144896210884176,0
1.2904768278988665,-1.345626551443679,1
-1.8472329075466172,1.4526701431129345,2
-0.2680326117460315,-1.1814660595955455,2
-0.6750071106552218,-0.8706388771361889,1
1.3984752925595731,0.7464925354606964,0
-0.7575786032200401,-1.2085687125757636,1
-1.7182560173366346,-0.7844079550842749,2
0.8177119383052484,-1.8913893447867998,1
1.272158163696166,-0.9028952484909264,1
-0.6242241254946146,-0.6826552925203992,2
-1.7353067687473704,0.08916339930579029,2
1.3353808439448476,-0.9785721900002334,1
-0.4128640388681941,-1.4991286251884606,2
-0.8180933225000692,1.6887329492611263,0
-1.092833177018567,0.4341276403203728,2
1.8848736004500812,0.9974461565049556,0
0.36362205235849787,1.1691700968865049,0
1.6147187979279247,0.7665604896282773,0
-0.15526537817926578,0.4332607130380209,0
1.1975274089468515,-1.166216100868247,1
-1.6148371499607896,-0.3860912491105206,2
0.2822753110948757,-1.0673815345229825,2
0.7152719449028051,-1.1992133504201596,1
-0.39473566551364314,0.24614354705260325,2
-0.861577968517688,-1.8939583704799412,2
0.12572196891479662,1.1364527550541028,0
0.6613263830854955,1.3710075587695845,0
-0.5090754564694701,-0.3929758430479474,2
1.0736197815921054,-1.3814453820485393,1
-1.1970673574035422,-0.17835361131135524,2
-0.40087195633995565,-0.7353713084364087,1
0.7132248281671884,-1.3529203125387974,1
2.4799291599536715,0.7430438727848504,0
0.4587127934011313,-1.5881300547180826,1
-0.2140230607395426,1.4210972046519874,0
-0.5148397837083155,-1.5294136561694807,2
-0.7149766713055035,0.7070373425477166,2
-1.4006201001732317,1.7345335120391854,2
0.45707043688279814,1.0720313934468995,0
0.24315653683018285,1.6872268737622598,0
0.9417389996738611,0.12349000853893215,0
1.2342957352431387,-2.0162692679367353,1
-0.9537354422804164,1.631161474953753,2
1.0470153892374572,-1.775092594823187,1
-0.06010748989785164,1.3240582873598854,0
0.41855348365109973,1.3245097335307057,0
0.5115924040744048,0.5194547822883148,0
1.3711815332525226,0.14157489821180216,0
-0.5657891354515625,1.7900512190934572,0
-0.1278672921889359,0.2873938282649464,0
-1.0471354545220735,-1.0842017760896459,2
0.7956500403043237,-1.3415000616650403,1
1.5235389330338365,0.761924663495094,0
0.7269690325453977,0.0449406020002077,0
0.7070969280585637,-0.723403942570234,1
-0.30296789535493784,-1.07971474953848,2
0.4532570456476125,-1.4152788347603587,1
0.5362552619352932,0.44967765249440605,0
0.23256632962551496,1.7122520341527219,0
0.9013128558367672,-1.588517059802995,1
-0.17529382271346283,1.6405236625056754,0
0.7689805264356715,1.3981523800382447,0
-0.11295122450319875,1.8062152911890748,0
-0.03920958052584057,-0.5610681199163792,1
-0.37926705644063496,1.0697541668892916,2
0.3765838880051413,-1.8352000484753008,1
-1.2832211120872938,-1.2346909199197322,2
-0.5186139683595226,-0.1509174712734029,2
0.9088178826538631,0.34705077544586344,0
0.3928609419441223,-1.9321875909063646,1
2.0224578110380302,0.4697562950633689,0
-1.2024509619694854,-1.4028526403659156,2
0.2940162031500367,0.9207196653365614,0
0.11378024086512246,-1.271149459691132,1
-0.5812920564136109,1.168599292521468,0
-1.9318307662878555,1.0965159795787132,2
-2.028931131765746,0.48277833369231005,2
-1.0875121937611614,-0.5940266307655456,2
-0.7635550265786786,-1.7850793916929684,2
1.7975939844681463,0.4389722090274012,0
-0.3901881032429256,0.3109771503396772,1
0.884554554502294,0.5633943464951316,0
1.5944938788779093,0.4988249025839868,0
1.4321146226225958,-0.23331397622034528,0
-0.0449901235103995,-1.3333634441477993,1
0.4871204968969788,0.3854357085112778,0
0.9581305740172176,1.0915912671217425,0
-0.023888098318706592,0.8944678841264423,0
0.40017270957180584,-0.39762319000779117,1
-0.7391605849378361,0.15019141317312215,2
-1.1399699841007773,-0.41313563604239584,2
0.3397095615342156,0.7086711831809177,0
0.2444353359984231,0.7480985508368836,0
0.7210325248280599,-0.03851041783420472,0
0.20173937751485727,0.03243595223694195,1
0.2114880554906099,0.970663700768505,0
0.8874601863104236,1.1757765738327302,0
-0.7003287672808889,1.5573694072741393,0
0.6223367986289648,1.5756793357379815,0
-1.3022173722763868,1.9338270457069435,2
0.9987390431202295,-1.0213593833630399,1
0.3470479284957199,1.1392354196379504,0
0.7091207429807388,-0.47536885394101863,1
0.7677547509172516,1.0804935494852634,0
-2.126410110318802,-0.44915695200337274,2
0.5005389577302027,-1.2346311143601336,1
0.7780134322541612,-0.37628338049489013,1
1.4567775461394907,1.5532807979257408,0
0.4665292634116394,-0.2811821645908385,1
0.2372153021658467,-0.7366056834403537,2
-0.18805298742923815,1.5062012755765615,0
0.0726615482247228,0.029170096102668967,2
-0.2116703807431499,1.6902867170755391,0
-0.8288430330153491,-1.5486188732189556,2
-0.148077523830833,0.04813461677605032,1
-0.6913490100304791,1.2843797271483803,0
1.7623689870108827,0.5815010346840008,0
0.8881345497717118,-0.23632903567402658,0
0.9276102704766703,1.528356687349727,0
0.7248982843494541,-1.94524987854762,1
0.9844829613474221,-0.3435171494656148,1
0.09587085780508073,0.7090719683732027,0
0.2926593476821094,0.7030133236901337,0
-0.38638016999278624,-1.2470140372874414,2
-0.43338925126040073,0.6832665579626125,2
0.4549580330348313,-0.8360312657640049,1
-1.06660524291778,0.2720660380189279,2
0.34700161308065186,-2.166759617097382,1
-0.32949034841343966,-0.7647097687922237,2
1.0735343440756444,-0.1418711806285388,0
-0.08919211569160981,-1.0045608280842544,2
0.0410362402021169,-1.6358153936505204,1
1.221659441062767,-1.6296739356154906,1
-0.39761861675904525,-0.3500319200184587,1
0.5942176267819278,-1.2243096825768174,1
-1.375393836708287,-1.193052552807114,2
0.24010434855852347,-1.6721463955433689,1
-0.4126798785930512,0.06092726048543186,1
-0.30156773258002195,-0.7713128407640647,2
-1.262977159170171,0.2834507060856128,2
-0.49452297378405674,-0.7748012758250848,1
1.3125782657551377,0.7461979876564937,0
2.2700493416908993,-0.2266878909301336,0
-1.6096946484299601,-1.3319926748620963,2
-0.7676683263541847,1.3607460507455804,2
-0.7539400426177735,0.7325728560666063,2
0.5088653235465427,-1.2584743111129866,1
-0.394854735168577,-1.6655951128750512,1
1.27452246946211,1.5522115369042857,0
-0.8382988881023071,-0.6624414677038807,2
-0.2490410559608595,-0.4171812182095972,2
-0.06662316936328434,-1.2532429222197001,1
-1.4390053867524022,0.07639082879932782,2
-0.3374766800495966,-1.7999346780303391,1
-1.2194164222209498,-0.39537217237524713,1
-0.37895958372479105,-0.27080392905325434,2
0.7167291001135907,1.0025172596813614,0
-0.13635155855892578,1.4464322192853203,0
-0.8034746324124215,0.30728296228375046,2
-0.2577558953597315,-1.4770601210395973,2
0.6598069324672319,0.6698135828283502,0
2.1311203728075268,0.7368664157685584,0
-0.8904866405280594,1.7320751304913926,2
-0.41235533035108585,-0.4377138850461284,1
-2.1957978260706463,-0.11483897098230364,2
-1.2229606646232887,-0.2725504356891018,2
2.308915570949853,0.8142504229367089,0
0.628699600663369,-0.5872393993559011,1
2.0464199419297784,0.8615223838393882,0
0.5886309155203227,0.1950652435006337,0
-1.342149198762259,0.9714705595786397,2
-1.7996472479150516,-0.5430044065618094,2
0.38881411060113885,1.1953080879785747,0
-0.7309877571214155,0.027666962080036887,2
0.20836417522809056,-1.9358377082901468,1
0.28567491262860967,-0.6145424173106031,1
-0.6078688295279323,-0.9257278004096898,2
-1.0899451585942226,-0.6693810868908705,2
1.0930699935037878,-1.4916849604418845,1
1.3297651908419517,-1.5523555841415884,1
-0.9603267506572342,0.12709729993386043,2
-1.9410979714691465,-1.0020822012441712,2
0.5533343844258275,-0.9561163822223407,1
-0.3169148244207984,-1.3498899484070568,1
-0.3572607599857978,-0.7598872446517071,2
1.6580350526408536,-0.9322310114382403,1
-1.5447186962758166,0.27218426944050916,2
-0.5313013144394366,0.2146034262758754,1
1.6592390050394499,-0.3540758924023711,1
-0.20331386657583733,-0.8921640055342341,2
-2.515042750431802,-0.15649506823541837,2
-0.2585649753385492,0.42181573358226826,2
1.6369774688380114,1.275666766160055,0
-0.08798175792915201,-1.053311234565797,2
0.4834924011360876,-1.099414517746575,1
-0.26455225948470756,-0.23563293068643917,1
0.3314637487181845,-0.9175586160079147,1
0.04469429231808293,-1.6572111714492732,1
0.5662685875955771,1.0342345893898324,0
0.42518135539256713,1.2659647649638923,0
1.9561484522015693,-0.4358661782883373,0
0.6699292945468841,1.9154259879936009,0
-2.159437433858676,-0.8746211402824247,2
-1.8550210315543783,1.6143950833205927,2
-0.16059870460810782,0.025246857830184946,2
0.6070160507976281,-0.9458583485891627,1
1.65637926884222,0.6053766299337995,0
-1.3372903017853113,1.5620792056290775,2
-1.3265569465338647,1.5333010969138061,2
1.6625538592739006,1.3376514646111222,0
1.5288629282380832,-0.2901675656078135,0
0.9428122343345982,-1.5946143158651245,1
-0.34097253022817703,-1.859703010175113,1
0.7012356742046634,0.4104291313469446,0
-2.03244290698253,-0.14552043362584124,2
1.566552402274621,0.6147668811940813,0
-0.10470240406024921,0.7809749758739158,0
0.3037694868634785,0.5915888626643258,0
-1.6503497043402926,0.3297397815106394,2
-0.4219239336756561,-1.1040598475065193,1
0.5286605663334715,1.5496135940605211,0
-0.853831482093989,0.3917530395537809,2
1.797152139170736,-0.9738131377487592,1
-1.3437500399306688,-0.10385735512103539,2
-0.28414770993643956,1.822552282832333,0
0.37253957836768903,1.5530399017630268,0
-1.4837853983942053,0.657605623341901,2
0.7689558217909841,-0.21371281847092932,0
1.9249206317957093,0.17562402874192243,0
-0.042997021969979135,-1.2157927975044298,1
-1.6105210983782288,-0.40146005430039705,2
-0.4394799832454071,1.2830878185312111,0
-1.7293491653021513,0.36890700639424895,2
0.044552519467862504,-0.2802520241346664,2
-0.9117192196403953,-0.3784001360223454,1
0.42230163841890905,-1.7019415441733554,1
-0.5687142903063422,2.0773320304607177,0
0.47500519054003515,-0.5285164949842804,1
-0.6610302025543077,1.9810530277791822,0
0.050538768603570955,1.3850259151195317,0
0.5531202297922589,-2.0415480970914173,1
0.7073423213453968,0.17923157245838983,0
-0.3679100173818233,-0.8364176485553036,1
-0.42824771498332975,-0.4739922628005381,1
-1.580188154521478,0.16759711518741893,2
0.9233635914607424,-0.6333680449990191,1
-1.3032008048378838,-0.9674801616004368,1
0.5486506257742716,-0.7089997564273299,1
-1.3578269783388477,2.070391253887153,2
-0.38037917628568685,-2.1570737712264307,2
-0.5181193478790814,-0.3554367212353281,1
0.5874963099100005,1.7033539211263014,0
-1.5881846179282506,-0.937426891640854,2
-1.746080783897859,1.3686407154364157,2
-1.830004497774819,0.495998516467263,2
1.3043092668833787,-1.061425335369121,1
1.2992679334070203,-0.6387134157654034,1
-1.7089746299771422,0.08468476392752071,2
-1.4813040754019333,-1.2180069438409953,2
-0.6030071892862497,-0.8163994103555893,1
1.029942854874493,0.8604158492412265,0
-0.33859287583676106,-0.647423236095598,2
0.22094526552550442,0.4742604180406589,0
0.6375775268655043,1.4822763673113568,0
0.27035998638649483,1.2663385506933311,0
-0.2542982254143571,0.6381465163130653,2
-0.5106089693724798,1.8677727077682529,0
-0.15183952425786437,0.7383945596081972,0
1.023716549783221,-1.3295512047639886,1
-1.3895024197229784,1.7478130992026333,2
-0.05502604545393764,1.390124644938506,0
0.7524530442996967,1.1910495199294044,0
-2.155677414805198,0.009817055255089748,2
-0.569282436520578,0.04857277172162441,2
1.2027122267622194,0.25751757995251234,0
-0.4317317171882573,1.4457379788825795,0
-0.46956549605849,-0.48428205196818364,2
0.688672696129925,1.5776985215670642,0
-1.3882920083761388,-0.05951946756745539,2
-1.3342443260317935,1.0568594699467597,2
0.9891151999547382,-1.4386322311027964,1
0.5077040972002332,0.720807581921554,0
0.0525261706542978,-1.1248189163965288,1
-0.5067928507715213,-0.009516927482217297,2
0.039380966060359596,-1.6908878901474427,2
0.43920240611497674,0.8370486966737257,0
-0.2377606425690818,-0.22450889677864272,2
1.0933630871783977,-0.5841784474658676,1
-0.4474583736419525,-0.414749546896282,2
0.274609071011633,1.1306816504575383,0
0.8328075589808778,-0.5333252291915864,1
-0.1991809520101089,-0.4308514993907439,2
0.07561694505608668,-1.825269307859162,1
-0.8762146533202254,0.22192183116224878,2
0.8206422610185491,-1.2979538515497742,1
0.4253012671119277,-1.655896397681133,1
-1.507740349962421,0.6952074180093034,2
-1.8618642197670836,-0.20469048738813206,2
-0.8735801303429843,-0.5535491256759735,2
0.8628412626411279,-0.2212759747674019,1
-1.4709653316206925,0.3433653980622613,2
-0.10493402084448762,-0.8225679116368602,1
0.6275451724320555,0.5395850028143966,0
-1.932649258006225,0.45876586137339,2
1.0531251600340452,0.5518035447821907,0
0.3277037201846235,-1.0553239596150394,1
-0.26080754908460674,0.005864407501951467,2
0.5928210906014504,-0.657631682264368,1
1.0225894235850734,-1.381606024118547,1
-0.1949144840485425,0.9864494510237359,0
-1.279565645550855,-0.11670617681284093,2
-0.4469931798173244,-1.3282959192198671,1
-0.9465532287739875,-0.930446816440728,2
1.0592752901993574,-0.6334281485949066,1
0.2184570004290837,0.8107026080132883,0
0.3256075209622873,1.5725700713069166,0
-0.531406117387429,0.2119847399899952,2
-0.11807479901933175,1.9562206379270664,0
-0.8333051918749326,0.4110464447295955,2
1.6456690995156669,-1.0121166624005542,1
-1.3861675210395075,-0.9270706763682257,2
1.0732566979160219,1.0330521380082063,0
-0.23899277660111734,0.5599724576731,0
-0.5486207548671148,-0.6085801397739948,1
1.3051291072466067,1.450330262776519,0
-1.2964774400054564,1.219437292205545,2
-1.1948372820200588,-0.4443029275542367,2
-0.2083397677335904,-0.4285671201648164,2
-0.2854454404152357,0.37233664509432657,2
0.9113407555538309,-0.3142853975362726,1
1.1158821996932684,-0.5032417036611168,0
0.5219998055279482,-0.6776184125393424,1
-0.7147224517911459,1.3385920215641876,2
0.6571812123916941,-1.2475287146221636,1
0.24357237126686151,-1.3030089625510104,1
-0.7416615910797373,0.5188619568163487,2
-0.1390762220204612,0.5656121079110266,0
-0.552696664429037,-1.0683868415955424,2
-1.6042932757418198,-0.8436767666509443,2
-1.3141380321816833,1.708781797641327,2
0.29677807479679635,-1.5035253290376152,1
1.2614691883783617,-1.0550756939984784,1
-0.6137748331205526,0.8685142519887543,2
0.07148103351931498,-0.34814636829665446,1
0.5162115404300724,-1.0654135492753303,1
1.4426314817482155,-0.24603803600204385,0
1.8434639042923258,0.32081112612644347,0
-0.34065864587977546,1.0954104618570462,0
-1.6163986368379162,-1.1387588764947005,2
0.06673702746964495,-1.1035064869558928,2
1.4823946363128127,-1.693032185796576,1
0.5141978961822752,-1.3789552304900685,1
1.8666507036219582,-0.48100933931639617,1
-0.01288618195164002,-0.30269633575631283,1
-0.7886148836611361,-1.2621440834188324,2
-0.68420181425986,0.5191080890526308,2
-0.7360842146169518,0.1384382742149383,2
0.8354080677123995,-0.6888203534898619,1
0.2811252248637543,-1.7072287698864375,1
0.5283226722936423,-1.3097238600988634,1
0.18044062144002992,0.8694004431452571,0
0.04910720407678411,1.6516751316433347,0
-1.9192415613420704,-0.16321943967002367,2
-0.4514220952852634,-0.8103098365228004,2
-1.630259286506576,-0.05244512361192065,2
-1.0269923732614648,1.497854270269218,2
-1.451990821469662,0.6014782624498849,2
-0.4352906633704999,0.9372004538934604,0
-0.17992541060237882,-1.3855168911279816,1
0.038996705605875814,0.2889204992666494,1
0.05759038627845427,0.08301620269815792,1
-0.5629283957632034,-0.3884635431971809,2
-1.4623607055825423,-0.25194142746390913,2
1.1537300874073437,1.0849537031430896,0
-0.09279883339951615,-1.4810937008826883,2
-0.8040633725743236,-0.5040675016685019,1
0.9009622962510471,-0.3628010206046697,1
-2.3010066744569175,-0.31253683308528,2
-1.075134489486377,-0.052317550008190834,2
0.6182343390525314,-0.12173875172665478,1
-1.5929436539867186,0.19261896759698324,2
-1.3091748522070001,0.29539417503283255,2
-0.3963893968247279,-0.9841072596168702,2
-0.8597814205635883,-1.9986304495289706,2
-0.22982490875988168,0.14406066026483313,2
1.3759475306536155,0.580603304508684,0
-0.25746238291397433,0.49250616417740084,2
1.971793474382062,0.4270777716533325,0
1.8792771825550059,1.0681413311045231,0
0.48813947729227875,0.6275560016393346,0
-0.13669219014766174,-1.576392130097709,1
0.3897764163567118,-0.8129192660224649,1
0.02549651667173939,-0.4927593708204712,2
0.6521119864849738,1.1610502524162758,0
-0.018793290373523737,1.2107450148243957,0
0.7317534546097624,-0.8386641710927845,1
0.35849889242838406,-1.0138566493093149,1
-0.9566512283469975,0.76417158135973,2
0.5611096472567569,0.043550034560164756,0
-1.9989666606566001,-0.38829277686612235,2
1.3285854996248991,0.7437670576446844,0
0.6493047887605059,0.07695042751323203,1
0.48478830051247324,0.2726176256633785,0
-0.5426503797730792,-1.3043233888234478,2
-1.7385746435239293,0.05585131460964132,2
-0.7701996106701604,1.4797350023918903,0
1.9618839453361625,0.6169281889337364,0
-1.9492818198297,-0.7115561176659161,2
0.35506817074045127,1.1470508235704593,0
-0.11427549559810651,-1.363176040280857,1
-0.3907918664944008,1.2990535013118552,0
1.9584976834915995,-0.1128802869995675,0
0.025263507021194453,-0.4373280023735727,1
1.732507820481625,-0.41722681490777225,0
0.981263912543859,-0.6397263917039072,1
1.5541749890129628,0.029140202904749356,0
1.7143980684596472,0.9266374014664746,0
0.21075338811833613,-0.13927124305963715,2
-0.5476460908328544,-0.40314662842375804,1
0.3396035561344406,0.07875236941669726,2
-0.025426164741955533,-0.37979430364286937,1
-0.2527240020212983,-1.5121612687438646,1
-0.49595872022511084,0.7858513230435276,0
-0.14829860718130933,1.8437078376508047,0
-0.3654470125905674,0.5949704824192057,2
0.09403799801665867,1.0056187099235692,0
-0.9286055336075812,1.2479795117645114,2
-0.19100488529613857,-0.8548641186021362,1
-0.14465807626338273,1.1307833156729472,2
0.9928047749251939,0.36824862682775616,0
-1.1397131430293304,-0.35043588204209153,2
-1.0513573199395467,-0.5170288757096807,1
-1.5168750990229998,0.9539352640626287,2
-1.4751296118538677,-0.8282195931570323,2
0.9191974660420927,-0.225653961909096,0
-1.4564690368955855,0.5947676693758993,2
-0.8933531071570241,1.4023190727728214,2
0.5203618553143503,-1.7560799005676448,1
-0.02468162202113265,1.0173670795187664,0
0.39188710039695424,-1.224317905786686,1
-2.0629137826793844,0.6513324014177648,2
-0.9380202443150149,0.26057207782461,2
0.7453984807848795,1.0475943922262403,0
-0.4174863801773248,-1.3637262557630423,2
-0.4048819261590543,-0.9283633017503558,1
-0.10434936424606196,0.7360337745797498,0
-1.9481818289203177,-1.1333487611134734,2
1.302737627453079,-0.8939793896607382,1
-1.064512999565018,1.4588524393852869,2
-0.9923926482514973,1.012471252612151,2
-0.9168198394487552,-1.2890077886489617,2
1.5817300543961847,0.057026467464883976,0
-1.679598463796502,-0.7358261873182657,2
2.2573134685978675,-0.12443168449684429,0
-1.3966009487558884,-0.00685233774157455,2
-0.6010627150784654,1.0470738357374076,2
0.08069572087238867,-1.408302552825831,1
0.19477485815167436,0.7968233471084943,0
-0.8411047717455306,0.8321355902283556,2
-0.33089089958324575,0.012499333694646413,2
-1.1902355230509292,0.23574662070112867,2
0.40206710067513424,0.8075897561308851,0
0.0022838119401094306,-0.10824820640777875,2
-1.2531001125088017,-0.3268785215118191,2
-2.304275851479425,-0.32718183490060243,2
-0.44783427075264076,1.6196522481901905,0
0.7401730701158429,-0.6332976633871739,1
1.2065049435280186,0.176374188407104,0
1.4321525650529585,-2.115544005741841,1
-0.8076479810165481,-1.4300741881117691,2
0.2917420490973712,-0.5264292432758918,2
-0.6544252404584444,0.3621307038391019,2
-0.6566887735903042,0.10204152839338544,2
-0.9400662048812946,-0.6313043913451165,1
0.28621177505739503,0.47993556431743006,0
-0.8965909730534466,-0.6625598285516678,2
1.055908429631569,-2.244187593932546,1
-1.1794338576532202,1.7605799321714348,2
-0.014594672100469414,-1.5562342346558455,1
-2.16922208131077,0.4644415430301245,2
0.204009568828583,1.6180201757923849,0
-0.11474135291135248,1.792451234701206,0
0.229517355417942,1.637663568679487,0
-0.025159727927320113,-0.2359683789593591,1
0.6201078398044578,-1.7200988504485348,1
-0.5732292713947036,0.5771805301028484,2
0.06823291868209778,-1.1051092224946581,2
0.3033263567768695,-0.4358299769911426,2
-0.378905040895765,-0.7077714588676222,1
-0.1652263065034928,-1.628809853817089,2
-0.9060683123962272,0.5560718030313724,2
-1.6428991517924811,-0.5479036818856433,2
-0.8602434396000688,1.4213181133708872,2
-0.3021530312018278,1.0863704049566838,0
0.9219464453348756,-0.3140794069187986,1
1.0107992646331891,-1.1373166201133644,1
-0.01279877819398938,-0.3663432208076943,1
1.5868664291205836,0.32841291964139396,0
0.03633464087722096,-1.3751628534142544,1
-1.866044238882492,-0.9526313314252172,2
-0.4220404314992734,-1.7500276591815247,1
1.572779568335631,0.6271568434991378,0
0.9806770783231599,0.3719387465323908,0
-0.37825575372685466,-0.7252261032942631,1
0.2826279032831943,-1.1541704511846498,1
0.2700668240716421,1.399515556748975,0
0.5920942670007063,-0.5690369233599639,1
-0.026162691862369768,1.4438627037917127,0
0.1720320481314661,-1.3148361503030825,1
0.5453975873214605,-1.074403366585288,1
-0.837608051508059,0.36252887271373657,2
1.6227208966849564,1.0231587372956341,0
-1.290834552559691,0.3382986007579947,2
1.4718561111290844,0.39306094847993833,0
0.34421205204942024,0.18507473556945783,2
0.9879554901527634,0.3164046863684898,0
-0.04402815365861587,1.0488598020269493,0
-0.04453107779519504,-1.3261699121741075,1
2.64405809902461,0.5483385754019752,0
1.2646707247731184,0.5044140597658453,0
1.1874587724099368,-1.4189691375561175,1
-0.05858452937473936,0.8185568785607117,2
1.076504931333112,-0.5378659329695976,1
1.5642540715321362,-1.6586010530573487,1
0.02066452938035315,1.666735206104289,0
0.28661397471798694,-1.420508901865079,1
-1.2972552593754936,-0.12725514560978257,2
0.49331481615805395,1.1483581591826193,0
0.6671256945099852,-0.9776763888481101,1
-0.19396706431011146,-0.91363813130486,1
-1.58182876020713,1.4926240372312727,2
-1.6142163162091525,1.9362542041585926,2
0.5433775539006541,0.783603277853259,0
1.0343790488400566,0.9741819390954976,0
-0.4031805046635509,1.4870190901127673,0
-1.6155170899159126,-0.44832294454659555,2
0.1591062628578359,0.6869331791566573,0
-0.14724045217527454,0.24615713814174903,1
-1.8453306902908704,0.6667593836332966,2
-0.0826227752143803,-1.6690198456319858,1
-0.6964128223332505,-0.7192304701792579,2
-2.3662365792176407,-0.10939771167099761,2
1.2989667723619918,-2.0868597680832486,1
-0.39727088207068256,1.6562985601959554,0
-0.06769072524618217,-0.6267422692071163,2
2.14472172895783,-0.0015887001514030556,0
-0.2758726293193334,0.9984312462413292,0
1.6092524468452487,0.13486024178871606,0
1.537530315672452,0.011692490628493934,0
0.03041926296874447,0.2631579109207717,1
-0.3772663287034554,-1.119802329069221,1
0.6826933427428625,1.176595343631079,0
-1.1333119510665501,0.2008614103082341,2
-1.6132613347664455,0.7829489745187724,2
0.8535287201862054,-1.2216832277504595,1
-0.0660593130355573,0.852568556665386,0
0.26368722366899655,1.158498550104222,0
-0.5443922635331637,0.7622096781704799,0
0.1514767129259129,1.6782830167012899,0
-0.6294225371730758,0.9861397653520166,0
-0.8723941638633874,1.1594506603922852,2
-1.4078252399035203,0.5466166163641377,2
0.2976822411655908,0.6586908712933676,0
-1.1481488737952177,-0.6967390022585342,2
-1.9211323467376413,-0.3253066345033994,2
-0.13937764741596656,1.6510304057878793,0
-0.9965469539811597,1.0305155805904413,2
0.36737934946534756,0.5779482100112575,0
-2.0955467768305307,-0.7834271067439336,2
0.5579801827388606,0.29990896281242796,0
0.5033844010936679,0.8360212308889267,0
-0.4667603370888097,0.5973060750159173,2
0.9908114895162629,-0.33783374275714356,1
-1.1022201845276853,1.181530000497096,2
1.3087444752244894,-0.8230329096173451,1
0.5847439212315659,0.8743319073154701,0
0.23725393427050745,1.4385953846702875,0
1.4221959996111324,1.5647679745944578,0
-1.1395424770881977,-1.2521167025705762,2
-0.4715840288370345,1.7903335540216596,0
1.2966444420747438,0.553465017107722,0
1.6036769892732214,0.1332116209248704,0
1.1827023735787252,-0.17740181951491596,0
-1.2921142642778651,-1.582412013785865,2
-2.33915682478738,0.05107548129815138,2
-1.7635836967388896,0.6015947777513727,2
1.5083737352970794,-0.13961332880982963,0
1.8688936725767011,1.0911097051504428,0
0.9558024239282684,-1.015538209443602,1
0.42069033592433497,0.8452258142272907,0
1.5539162069531713,1.1721251677336832,0
0.39012683812669646,1.7792692383126862,0
1.1056901795565703,0.10514605862401118,0
0.923949469473484,0.4689275542676669,0
1.4417135189383732,1.258317634561413,0
-0.22086550429384158,-0.21655987878374983,1
-0.8403983466802675,-1.647175099750189,2
0.9653942143576453,-1.6377606850109052,1
-0.5747279665982669,0.45528087421984825,2
-0.6067293521545766,0.386340695601272,2
0.31503695040237645,-1.2582536931634838,1
-0.06911303173048226,1.4344934662205895,0
-1.4532824380568972,-0.5190800051934167,2
0.1531526903486242,-1.5013118793615872,2
-0.500421824531333,0.17832553079624114,2
0.6689166893962115,-0.5243219246939218,1
0.45296562989432126,-0.054217739782578996,0
0.9890005694900674,0.09497952284930758,0
-0.49758500002626416,0.8096628287382791,2
-0.9630222282796115,-0.5991351748515186,2
-1.1042402060608794,-0.2204118315053415,2
-0.18572833663813962,1.3386226456255483,0
0.03682523454322309,1.729242397421896,0
-0.03371691524582419,-1.0525587238933038,1
-2.150537850005251,-0.16746662647735944,2
-0.2452829049215997,0.018442279101794988,1
-0.8748930546737174,-0.573825423568255,2
-1.2132130137575616,0.2533386879665094,2
1.756146578654091,0.9609928944209509,0
0.8217453636891919,0.25761184497172956,0
1.6521757013197576,0.7894912947203713,0
-0.5489133511908606,0.06887040035909346,1
1.4232772381440846,1.3263117282897583,0
-1.083517991139933,1.5454740106701488,2
0.6741627676272829,1.5093788083519877,0
-0.8322478386332142,0.062314130005964835,2
1.2791118051501202,-1.4764365229971885,1
-0.38677755282438253,-0.5123283388052731,1
0.9909879028855453,1.0152788365919383,0
-0.5376023789218284,-0.6891532971740012,1
0.05999937105960289,-1.4174045107672486,1
-0.4380425477399564,-0.5507149982810358,1
-1.1646159148152635,-0.7307683107788651,1
-0.597170048421763,-0.19687742895878313,1
0.23085891780160264,1.0464656053983377,0
2.4311331454151635,0.8126562539785386,0
-0.19003564052950725,0.4720565327049956,2
1.2943211406175734,-1.0772951807767979,1
0.7598135918804627,-1.6347655418800897,1
-0.8239515605564569,0.3517331690546454,2
-1.41976515335308,2.1553285798641473,2
0.507765994789166,-1.0923744353407987,1
0.7617391916637589,-1.920879295334469,1
-1.294520818299038,1.417940187900798,2
-1.2173028582487924,-0.6845136098091148,2
0.16163212929397291,-1.9516836770648065,1
-0.2673068324881244,-0.5387454614457163,2
-0.4446087618260702,-1.023624862968335,1
1.9982186107923552,1.1553103381367993,0
0.9714184854623984,-1.571998929510078,1
0.6183804882070186,1.0980085566808837,0
-1.2102193308388052,0.9162862054940846,2
-0.40326833226526476,0.7989913587822444,0
-0.10175086804432097,-0.6364551489417776,2
-1.5085007922232618,2.1655298476050815,2
-0.5344150915426586,1.6625818150780505,0
-1.2194920738071688,-0.22710095377935222,2
1.7898385350708963,-1.014126883496025,1
-0.09923964620861679,-0.5569894711474451,1
0.17185880539359386,0.11274922963364337,2
0.9451688000212471,-0.3257764600328336,1
-0.5946306095275444,-0.13584654736689022,2
0.47203718976842257,1.2144060856955066,0
0.6369877738772297,-0.9397020142556365,1
0.7420205068411697,-1.382138867723063,1
-2.080319680763019,0.6159603350839374,2
-2.4378790246875224,-0.2098124147789402,2
0.489033702751863,1.7807279385384334,0
-2.310256128337478,-0.14231378573759448,2
-0.1994469897234303,1.213853005605923,0
2.0244839002489607,-0.1553206707068594,0
-0.4320044368856452,0.6776581819055485,0
-0.05209347728825231,0.9118278923752948,0
-0.1771102550553811,1.3352400646740576,2
-0.06428006691676856,0.6604418452209426,0
1.0518282957582321,-1.3992299688572536,1
-0.17739334706562107,-0.019416904038958443,1
-0.7681743124772281,-0.9212630610059713,1
-0.7304454874143661,1.2217126398963374,2
2.2570500618060496,0.4742449932880458,0
0.1725428973753548,-0.7208761080316725,1
-0.1363629525206926,-0.8085286361037769,1
0.2449653685895486,-0.8360726137850562,2
0.5676945056332762,1.0164890985589268,0
0.5812362112136825,1.3959843747991056,0
1.163907753859755,-1.7298211990018852,1
0.3779698101801293,0.9639450074932483,0
-2.1895584445824974,-0.9618360231869707,2
1.6410018526811943,0.8188004581159097,0
-0.6701810977005803,1.2324351136364444,2
-0.25804174710466393,2.0528637601330093,0
0.5687141508943155,-1.0865275393806806,1
0.7022145812264468,0.46186949801364074,0
0.2489412016482875,0.04342947107214789,0
2.1363942080530007,0.4758482765629723,0
-0.03002844862749047,-1.7683823822061837,1
-0.29303957430202826,1.1796299543552224,0
-1.6628700272443384,-0.39028816871875593,2
-1.8086098478255122,-0.5734497625584792,2
1.0361114605816708,-0.626593755691928,1
-1.7787344905061286,-0.5225020225209507,2
-0.4191484034663803,-0.11357797818255949,1
-1.1196433321885215,1.0551171425505426,2
-0.3294455605018738,1.4778211542992157,0
0.6098483922944952,0.3210785402052813,0
-1.4507167639895582,0.2904526130835808,2
-0.23914307093019035,0.20980250567678357,2
0.06280097267725616,-0.11502094074402427,1
0.6936603021170651,-0.6071036909286732,1
-0.22006728391919952,-1.6833752315661972,2
1.1263697612657109,-0.9566944110470157,1
-0.159456734933531,1.1680260250354446,0
-0.44557053655642387,0.49384149033319996,2
1.2648128479578293,-0.26103629587275956,0
-0.4437137790971605,-0.1765929994235248,2
0.3262810883274443,-1.1551083416155574,1
-1.412840445419623,-0.6679510039064253,2
1.3439487021729437,-0.36424687979929615,0
1.3816305181274466,-0.7819311502709864,1
-1.1550032946996804,1.88616157115295,2
1.1906687490723549,0.6597652894947883,0
-0.06403017564614669,-1.1159677539928314,2
0.7873388492975189,-0.5741068170866631,1
0.05367900067796728,-1.3596248454364035,1
-1.3980411839412081,0.13214596637871204,2
0.8434212270167325,-0.343979825133821,0
-1.5161723373244393,-0.06689664388253365,2
0.9600749447194281,0.5124879019020511,0
0.8964535468486664,0.0932158222325796,0
-0.10756216839631058,-0.8782095672216131,1
-1.131450977617499,-0.6977842196081421,1
0.36798550845032785,-0.7111977732385004,1
1.7245828233859792,-0.4080033967191257,0
0.35616300035809706,1.0957957285494018,0
1.582477709649167,0.6405688336641858,0
2.2458477452805754,0.09324167508225653,0
-0.13958208061827515,-0.2068799898763628,2
-0.0666262047011372,0.4421757451283239,2
0.396068229829446,-0.32034656403781603,1
1.5341036394970937,0.5811484298622068,0
1.0077529660754942,0.5265906196847091,0
2.077316181487071,0.7294356415895575,0
0.13198399455139373,1.785547758558203,0
-0.9448777848803656,0.7950462274526681,2
0.9887075371638162,-0.12394810141075213,0
-0.6174401264140513,-0.6372065589309002,2
-0.5261781439619604,-0.9401505481425246,1
-0.4460005849376016,-0.5837244425690397,1
0.956328803780776,-0.5246496923091597,1
0.18202099610574776,-1.9210741279454941,1
-0.5831567519545747,0.7816771745537701,0
-2.375985722150116,-0.1471396936619742,2
0.116567126890639,1.0789901881731547,0
1.821503642198527,0.2621059734720087,0
1.7152195011620126,0.6874081983847504,0
1.836945460070051,0.31477970509329983,0
-1.2843072082080738,0.11018067771254803,2
-2.3167381855597853,-0.13511894542523814,2
-1.1777901719199297,-0.8446438047030829,2
1.5634151488303627,-1.2086486750894567,1
-1.3240277996730334,2.0452453649652473,2
-1.1616136604706477,-0.8182411096956034,2
-0.028289545329907,-0.3529612933007748,1
-0.21090295990832675,0.4544516497965451,0
-1.6338460160717139,-0.04051320025760935,2
-0.351161482060791,1.8161942527994168,0
0.5118433125781207,-1.180500715587303,1
-0.7188172014678638,-1.7208038610103433,2
0.27581662732367274,0.9118494610003546,0
-0.995785412245558,0.49200442158717206,2
1.863076003150733,0.7891858456997283,0
-0.18846067814332615,-1.173915246086203,1
0.4614442020094389,-1.3124357081277127,1
0.12882401761175327,0.46192392942358007,0
1.1583276610321809,-1.921206616929463,1
-0.4483338841803104,-0.4076680981527349,1
0.3344095599633725,1.2775678092185796,0
-0.30080654325557027,1.7540604801484267,0
1.2401995157064163,0.9516753888778887,0
-0.3120534899378905,1.279798057029256,0
-1.1184152457954528,-1.2728992704822366,2
-1.0926398055308517,-0.07532667313944556,2
-0.625074373062815,-0.13302581441196668,1
2.3496089766275268,0.6054060517002442,0
-0.5739230759420497,0.5196697546136712,2
0.18501795868845688,1.286951562984234,0
0.21191645819171268,-1.4959894521068395,1
0.06717150949579655,-0.3146169014803109,1
0.6324858537677792,-0.5886050541826372,1
0.5737598785346925,-0.5974991339027852,1
-0.5614222009699505,1.2072745346533686,0
1.2269212293294862,-0.1902485372599373,0
-0.09584560238890436,-1.2552845428884885,1
1.3971434074964246,0.8580956127923585,0
-0.1039737925715541,2.1529186899411203,0
1.2191821534671885,-0.06224009368618448,1
0.7496765478066184,-0.5272547332530134,1
0.5888302554675908,0.5705814807458519,0
-0.11640777087004447,-1.0209341081162921,2
-2.2763624720177154,-0.5949184289852909,2
0.0749501612749849,0.4665311653314782,0
0.5923413581063439,-0.22253882461017307,0
-0.46134695734502773,-1.7622388734663859,2
-0.017829646103060218,-0.4259616242234528,1
0.3274861874621237,1.549016309197438,0
-1.057936713782933,-0.9780974621842033,1
-1.560764256052326,-0.7694557118464322,2
-0.44033959938638867,-1.5305642662837136,2
-0.38392470820048397,-1.2738310804732296,2
0.2019183007225101,-0.3220953469231109,2
-1.5286319530246357,-0.5570892081817427,2
0.33540639259336885,-1.3060297297185701,1
0.919664995377362,0.9009210679522577,0
0.2511508832664765,0.4452954186624313,2
-0.37410251252654325,-2.0825512550139322,2
0.04481769857057032,-1.8907469457300377,1
1.3610213669657112,0.11496527745272604,0
-0.7408519934720359,-0.790107719057306,1
1.2351974907371395,0.726531538647528,0
0.41237742354355483,-0.8178544821268081,1
0.9967132109975808,-0.7159996577960763,1
1.9069752519010303,0.13604872993205055,0
0.03679469973855194,0.9739016523567506,0
0.36817369971650343,1.9164961905472095,0
0.361729865388119,1.6632255405909722,0
0.6964974567088104,2.1400960501557216,0
-0.8092539129054583,0.20435842073240015,1
0.7948523581413636,1.966498347778297,0
-1.2057815241143681,-0.6214490997667453,1
0.14126018209152838,-0.5563943682294342,2
1.6233582046993213,-2.263432187258174,1
0.18625139913795347,0.8784177922564165,0
-1.1326044999401086,1.1876682306295703,2
1.0592636349089506,-1.8955570466695078,1
-0.11886207943522402,-0.3541892893483846,1
0.35834818557578596,0.3099688179254106,0
0.039827764042805455,1.2586471829160848,0
-1.777770701947821,0.6922705173927217,2
-0.5358392880574828,-0.16630537748324628,2
-1.4622864371724675,-0.020096266088601954,2
1.3761226030057052,-0.3455818454832874,1
-0.4679170491790647,0.5831002759187635,2
0.15024084045959446,1.5025483604935992,0
-1.0198813878975563,-0.5698704090117491,1
-0.5733630806168769,-0.2104431226389473,2
-1.9702952472437867,0.5304364016233065,2
0.2734749177398078,-0.8616149336096944,2
0.3140680418207794,-1.4112634684207774,1
0.5078368432286596,1.7331522253035858,0
-1.8006609460944447,0.2504879644129267,2
0.4593912502078931,1.7319479312566044,0
0.06609675106115552,0.8282864756037781,0
-0.469732190975533,-1.1832348125816718,1
2.3701237694428983,0.9166766899261448,0
-0.5396477247666844,-1.2611858977880637,1
-1.0530533000891784,1.296925702724657,2
-0.9259777172276441,1.6123776878197693,0
-0.9834958970271459,-0.19434762368820382,2
0.13718826945572107,-0.0592997403525095,0
2.5675406880106837,0.5152977787913717,0
-0.7152245229726091,-0.6563216423703134,1
1.4515753896580526,-0.007525701995567999,0
-1.2622985669091547,-1.0542100543736026,2
0.6158441306655075,-0.6735429609545052,2
0.43978359501874387,-0.749036772827783,1
-0.20383722233459256,1.1029725551218073,0
-0.48926901378456844,1.4825617520482832,0
0.8879577265540992,-1.7846070654400747,1
-0.15498986599108658,-1.2965515133071004,2
1.7616439181651604,-0.18064301601578522,0
-0.26089792503872994,-0.9141149198718166,2
-0.07952494851181574,0.7453929470790177,2
-0.5406206428094559,-0.3973649439197395,2
0.36064179141155583,-1.5321792136197583,1
-0.6560276607731872,1.1854833019066504,0
-0.7928213779988641,-0.8199406848300594,2
-2.101565575755424,-0.043773029945897754,2
-1.0700267351488673,-0.5198807881289387,2
0.9160797858843384,0.5399756399825383,0
-0.7979411937324019,-1.6687521510190217,2
-1.2345930790390083,-0.3821265082756015,2
1.6776430773310906,0.6137972136099548,0
0.11232796437278154,-1.0330205320635917,1
-0.5985847937123923,-0.526765975271191,2
1.1572000335645447,0.5785876358398226,0
-1.005019653586901,1.873310573883323,0
0.37310127540702964,-0.0036431594392165347,2
-1.0966026196727305,-1.001820915282244,2
-0.7611149237516719,1.4718509204859245,2
-0.35441731819830236,-1.4503046675619256,1
0.22566379409316575,1.1868416838811353,0
1.5312716530217945,-0.02947559004130352,0
1.4791481023506703,0.7632918718916206,0
0.6036316072084786,0.07651886446100653,0
-0.23269571998792818,0.33248954626609983,0
0.13573571513737634,-1.0163363450618361,2
1.0147563314140757,-0.3772579374049598,0
-0.18864830536188507,-0.3230225330160341,2
-0.5826486276890424,0.6900309451041929,2
0.061258638978721365,-1.1198430905851373,1
-1.1952809133792097,1.5737316080464503,2
-1.3151162125316185,-0.04275922705605287,2
0.5600047297884492,0.8737801746669243,0
0.48444605639999494,-0.6938340596289625,1
0.15836554104209427,-1.4710773834932875,1
-0.39382509893039214,-1.111723561788208,1
2.0414817316072997,-0.0660817829735699,0
0.5399324097480139,1.6956079025197381,0
-0.7599069367455845,0.6069888115249467,1
-0.38769501089915775,-0.23308262868276355,2
0.8995121212140931,1.315065835374195,0
0.4707505149048903,-1.426259595139873,1
-0.21562625674176367,0.23747101664362683,1
0.35073507818036936,-0.4900503046962672,1
0.6342513018153985,-1.647085592116256,1
0.29014687680547635,0.3093635964647451,0
-1.5435154833182192,-0.3259234604834117,2
-0.561543471120136,-0.6120010146926519,2
0.3587398509084451,-0.14294924540396747,2
-0.9128219553562293,1.1780083423572456,2
1.9715019521083985,0.5787634524538012,0
-1.0370682841659238,0.6199887007848355,2
-0.4320922593883738,-0.745315553380384,1
2.1393150711729287,0.5598315962774458,0
-0.5688661142708992,-0.21226096484958284,2
1.0426503472096844,0.5463530809239312,0
1.2740446376689847,1.4664971861050486,0
-0.6885763025268482,0.9986545127948329,2
1.1990530064662186,0.30546887707098147,0
0.25031043692801397,1.828534755897394,0
1.2262778684234121,1.4048144306524903,0
1.1432394832968993,0.012279326582346794,0
1.6801465258096537,-0.16399929754073236,0
1.5488467048309449,-1.8704409637535293,1
0.14210223631323451,0.545277586458577,0
0.3726847829657405,-0.7391146597965488,1
1.5246934250540283,-0.8360334755886734,1
-0.9188643456744859,1.1077684250414188,2
-1.247328425630336,-0.4235528066937638,2
-0.27308318939189014,1.1533897501713164,0
-0.6389266630917991,-0.5495767609137446,1
2.2872979133089393,0.754483849287347,0
1.0167910777741953,-1.2217830113262707,1
0.3424958804274115,0.1731194166614883,0
-2.062396916892617,0.5888887209501966,2
0.25731829778168885,0.8802524367448697,0
-2.2677692036378563,-0.2530748582218021,2
-0.5910746279343919,-1.2250956240133755,2
1.3675340596041983,-0.8402130350760529,1
-0.42065568187882274,-0.48339719084680133,1
-0.4744117116126476,-0.9326387493737811,2
0.08002998515026133,0.32048545226444997,2
1.8513964099931168,0.9593841738186814,0
-1.084462360788348,2.0361401664567187,0
0.6418804014255186,-1.5253535129605535,1
-1.1832264320519876,1.8383704911772376,2
-1.7396854027212016,-0.7363847391555897,2
0.5917376082161583,-1.201653680206632,1
-0.25414619914785247,-1.0722120118923077,2
-1.471832231991445,-0.653515423124504,2
0.3785919003553439,1.4222270300857323,0
0.3928121332517162,0.9784741177072086,0
0.09159490154484005,1.6645668884087317,0
2.0534562458970953,0.2549549655948409,0
-0.057085083619497295,-0.5613312331486499,2
-1.5442710692904276,0.37710003674432224,2
-1.8165338026351687,-0.284927171613372,2
2.1291358542090704,0.2764466606123719,0
-0.9366627027547747,0.44193371330321785,2
0.3985454259250259,0.3341233405533351,0
-0.26073465673004403,0.785325513731862,0
-0.9727021753296814,-0.7213527655523865,2
0.8028129496347725,1.4560214982561905,0
-1.2248815785042093,-0.11161624101341326,2
-2.0566894611897832,-0.8974544126720853,2
0.7355228136559825,0.4049484568740328,0
-1.771511943624004,0.18997263487473653,2
-0.4195882006333998,-0.7266789286392247,1
0.9160777569086457,-1.1814695744683472,1
-0.7141928679159869,1.6195179643058386,0
-0.2679052986653768,-0.6337141086086904,1
-0.7911715896098843,0.8352121765961452,2
1.8176058921701261,0.7502829925278934,0
-2.047862470731642,0.6028916844034822,2
1.9093840845756176,0.1132632594260921,0
-1.5353812604949866,1.0847948326626813,2
-0.08496229746938719,-0.023812464761762495,1
-1.637263247637117,1.004793520286095,2
0.21898203412632208,0.29758344519732255,0
-0.7540729419228684,0.9602635702284116,0
0.13974888754015347,-1.2649007661420069,1
-0.8807637048537502,0.26181742815662795,2
-0.02189046426426184,0.8988072138892094,0
-1.0707366138199632,0.057996515382327,2
0.03339465027171474,0.8415736655236914,0
0.2101865899909005,-1.329998353839361,1
-0.42976779066121273,0.5327755419421043,2
-0.4536037982095443,1.635316930694827,0
1.4346995100414048,0.6234513205067351,0
1.5633298446254495,-1.0612105126927958,1
0.22204051709763792,0.9599761692713391,0
-0.27790671807888867,1.0009651835647095,2
0.5724610717228201,-1.7112586472225049,1
-0.8456704045812976,-1.0514539117349426,2
0.08305744505748566,0.6284704715124978,0
-1.7421417412997535,1.0098714099700203,2
0.19192786166271406,-0.8599837741787295,1
-0.16909821064220024,1.792654648012198,0
1.5455076190291517,0.5939498238498978,0
-0.2388351239098458,-0.9065310820463597,2
-0.9441299258849759,0.6264115304396984,2
-0.4846264979056685,0.2503620813010694,2
0.24101379249148283,-1.2983561065414049,1
1.0793746911582633,-0.9170318989264666,1
-0.8884536208420946,-1.088558179435616,2
0.5583452489752679,0.6292687534547249,0
-1.5034966408604367,0.057420638460649306,2
0.9133924987715537,0.27939211442277445,0
-0.382896060123783,0.2823679250791044,2
-0.20017707616116148,1.9496419536763898,0
1.8926461570831423,1.2360216021062096,0
-0.9125778333795206,0.3516963250381234,2
-0.41022882706568037,-1.0651836820682739,1
-0.05500273966757724,-0.1549631510260015,1
0.5295104646941556,0.7265910508850268,0
-0.6686223416201625,0.4843429600267677,2
1.2493350086335775,0.8772073535013136,0
-0.8440619350599947,-0.35389170484513227,2
-1.7767308088563754,0.09629442779467622,2
-1.1882618841692068,-0.5228368439599027,2
-0.1404855473788015,0.40954891966314294,2
-1.9786294044737085,-0.5163745728354326,2
0.6673106083482268,0.7955270186273319,0
0.7114478626974512,1.5581768078486429,0
-0.29363776425476473,-1.0518933681145304,1
-0.8873610913061257,-0.4607564763096171,2
1.9912859335122557,-0.47162809146171625,1
-0.08215494405440794,1.3724593652550747,0
-0.1872555641296852,1.5505472895039323,0
1.7152972405507578,0.7222767004740873,0
0.14881170079719144,1.7802806308604129,0
1.4964940366219375,-1.3417977938769958,1
0.7375441208968622,0.6752519665632466,0
0.11974343304553246,0.852071264517504,0
-0.36695903258383644,1.091215005562085,0
0.8100628896852409,0.5128025353804772,0
-1.2605211111268861,1.360785240605027,2
-0.13453166566935146,-1.0237917678220116,1
0.18072903586249742,-0.9549172696842346,2
-0.19325605462680268,-0.43553141953342955,2
-1.1375416708253867,0.21862587138793574,2
2.5237245928120036,0.21554238901299116,0
0.5737221978010069,-1.1522088338413092,1
1.5252965884507788,0.3667293536940591,0
-1.49565497067388,-0.8337441374987269,2
-0.09445251733424707,-1.0402721806574537,1
0.21118296133060394,1.4848481496357382,0
0.3365182543612465,1.1060246787122148,0
-2.6274880175687354,-0.6215335172873108,2
0.0793614289082108,0.18057800665014878,0
1.0525313985354294,-0.05372973481255748,0
0.5865333884375814,1.4248006999834875,0
0.9843746922764888,-0.7769063631786043,1
1.7244061329741944,-0.018211795587101436,0
2.0553182083335124,0.7154299499960689,0
-0.8931510189497617,-0.07402271820072273,2
-2.2000600851066525,-0.8577795592923605,2
-1.6587032948758411,-0.1816072548934327,2
0.8640553809384036,1.5698942760749552,0
0.8252925194998706,1.5762137982218634,0
1.2384527932052756,-0.3577435393224684,1
-2.440726732745789,0.04716697458808547,2
-1.3438538518771614,-1.3459765062976041,2
-1.2841333519995193,-0.5615909212347105,2
1.1768960173434735,-1.5673183529654677,1
0.5647424390302032,1.6508709646419155,0
0.9830700193953619,-0.6972417802248421,1
-0.9127269196176144,1.1529174049877697,2
0.9716504132756296,0.916293963537937,0
1.5670463260393424,-0.3053803866771089,0
0.8227601900373972,0.7953911516684519,0
0.1454445806738157,-0.954276854489551,1
0.550290961492481,1.5602479020462534,0
1.289483546937593,-1.4775027801390914,1
-1.210531225152378,-1.0152444579471074,2
-1.5721592162208693,-0.9300039681738742,2
-0.34529588136286626,0.6242556418736356,0
-0.5048461626790872,-0.3660974953590752,1
0.605889916180017,-1.271600563254048,1
-0.10732727449675512,0.32587848230345906,1
1.1723675461046286,0.4354147225129079,0
1.2817426304286894,0.6272425386705991,0
-0.7948695991722191,-0.986258201086736,1
0.05688172284358789,0.5179548091541318,0
-1.0477501119775916,-0.43351761209247897,2
0.5742787864917643,-1.4072658422383733,1
-1.3103248258287523,2.1278209718199395,2
0.21585550975793652,1.1438921535561708,0
1.2690028185039477,-0.31891352504305753,1
-0.1639789863626808,1.121722681094953,0
-2.2748888475581457,-0.802571873764919,2
-0.894755621604239,2.1361631124717735,0
0.2758701311976028,-0.20676034694979556,1
-1.1346929326590567,1.8482722550713357,2
-0.0069204467829122335,-1.1772949590526525,1
-0.14735734539197753,-0.6361550538790787,1
-1.221390292235939,-1.0392555078797854,1
-1.6890561606991967,-0.4538148570425397,2
0.4004645153647338,0.26978422443069183,0
-0.9448544822962911,-0.6307502551235127,2
1.7954507569756528,-0.6689192846488857,1
-2.0454677020998533,-1.1149446443690427,2
0.4705196685073723,-1.6464469134021942,1
-1.074515838926069,0.4175453571095481,2
-0.923211978744583,1.9963686595553958,0
0.018250230643837663,0.06793428228287275,2
0.04476528811925592,-0.5033202182912765,2
0.017260566592307885,-0.03722931223147046,1
1.013183271186428,-0.003085620528092504,1
-1.7174510978723756,0.020776881173229112,2
-1.9134243386182446,0.595549582816892,2
-0.05002579886394466,-1.8852882301675553,1
-0.2647681131232497,0.9981689699983911,0
-0.9291008284925993,0.2630414510605366,2
-0.6989512429845645,1.4366963155358083,0
-0.7201249832853034,1.2263720336550599,2
0.23131055543797807,-1.5855802638741534,1
-1.6640077355172784,0.25408835591702267,2
0.029425915209210438,0.3888494731744977,2
-0.363320429343651,-1.051333228079831,1
2.0760341140766148,-0.051862894267953354,0
-0.08697477926893527,1.418026655291591,0
0.45253623599032816,-0.8506663335885133,1
-0.8516873123338738,0.850993461686378,2
-0.6387475108543254,1.1152659340704136,0
-0.13923789314936258,-0.7024112463270855,2
-1.5262754591698886,0.4387583379045013,2
0.3212763156372854,0.08470032399379653,2
0.8042632751594455,0.816152316425807,0
-0.58789564630933,-0.2627660886743451,2
0.014368218887663181,-0.8620377926370592,1
0.24436409776927276,1.1319860001516746,0
1.6908096188747432,-0.31715636323274815,1
1.5049528347714596,-1.3012991215030119,1
0.7735039514020906,0.03784938178472651,0
-0.24114028925194106,0.16011943247511823,2
-1.5996830235728692,-0.5219640394037195,2
-1.1960760778549167,1.6479995216109444,2
0.583816376271601,-0.39624155018848756,1
-0.5980876362383009,-0.7027422186299446,2
-0.2889439743819687,-1.1670916047518551,1
0.5806745202004194,0.6930449325038371,0
1.4551630536553475,-1.951012578876631,1
1.0417621292997157,-1.2907206533270916,1
-1.5266079434452196,0.08257787938079278,2
0.3096720703875168,-0.9860519298110245,2
0.33297727278110134,-0.3738230137205398,1
0.038420964636744,-0.37515842041575936,2
-0.9957465673280382,-0.6574505367389935,2
0.24962761309655032,0.34480115387869764,2
0.9553969542126441,0.7180989521766653,0
0.2303662459910415,1.4540466088393986,0
1.0429525444929058,-0.780982806682015,1
-0.6200383631472294,1.4396144931860213,2
0.6967532951270209,-1.6258939927843858,1
1.3345735697863452,0.9859802804400976,0
-0.6118447760897647,1.351621155236679,0
-1.515802400360227,-0.10131446227586541,2
0.4695174603705587,0.2685441685002495,0
-1.1798252313601596,0.1363680641906437,2
-2.175992396374033,-0.801114791807762,2
0.963458962861072,1.151922780910418,0
0.12246682612777557,-0.2956684787580408,2
2.36132817079985,0.25779227229568596,0
1.9414955174757726,0.060256031155592554,0
-1.179464636306924,1.9649966003990922,2
-1.0313665092038848,2.0512766138394887,2
1.2803878153094903,0.9107610052685697,0
0.15215975400003087,0.2744988739578112,2
1.0253500141834189,-0.7453846167689288,1
0.7327362911201322,-1.1295442176700816,1
1.2923697388887958,0.3064648166344098,0
0.002795669344357982,-1.3706626179577326,1
1.2955250827492033,0.07582630004484672,0
1.1709310264007078,-1.8505053843458015,1
-0.4422956037209519,-0.9996621728589996,2
0.5149469666575025,1.956619728943929,0
-1.1714052893513636,-0.6491426034756723,1
-0.26759806887849286,0.1482846032595866,1
0.5036939767682472,1.495954517466287,0
0.454050482612901,1.599911647697071,0
-1.1370337696443102,1.0626530309981572,2
-1.8958574696519572,0.08714003144693594,2
1.326836636042188,1.5402057222855168,0
-0.7324780621324994,-0.8147011062107198,1
0.37984577572898337,-0.28207167134575745,1
-0.32189571256300564,-1.787310799405592,1
-0.3361004321713935,-0.39964783887894395,1
0.6920286177372541,0.0429985032560489,0
0.0712414857827056,-0.09178655930535545,2
1.5873430217469382,0.007384883288775492,0
-1.6649631617447689,-0.9176409713564684,2
-0.5991369208934217,0.08003842326420871,2
0.5464040464541953,-0.4935097852232071,1
-0.13613498801300317,-0.4783481180120349,2
0.2831983101540478,0.9849168340949017,0
-1.623486869241816,-0.10860845441757831,2
-1.2227235460493802,2.305424161356396,0
-0.625063581448879,0.5215477677213537,2
0.2838849972049095,0.7180738079436277,0
0.749756079684727,-0.29050448224317155,1
1.5356947638497556,-0.059181545309312175,0
-0.21921096066395968,1.0817639150799125,2
-1.094082082546815,-1.564815979047184,2
-0.617523329922601,1.5060075988011752,2
-0.35740286400010113,-1.1538033066296143,2
0.024951543135434667,1.0411920345846177,0
-0.6512061473914686,-1.0086220816005875,1
0.8828840021601413,1.2064564227834658,0
-0.4678283589072194,0.14364732776425695,2
-0.11669614775321063,-0.48745143679670877,2
-0.41659131992587156,0.1877012829068888,1
-1.739276698351487,-0.29163804985785036,2
1.3696761560246482,0.2810129870059616,0
1.3830088283037039,1.586317704838157,0
0.94748934692366,-0.16470279199306442,1
0.6020124763614052,-1.6882375273077648,1
0.47590173739738917,-0.5449948212308695,2
0.04205084472587285,1.2575753670906857,0
0.811810322096793,1.109614197537699,0
0.3687258533369338,1.359180635230721,0
2.198515911933106,0.15482261495556907,0
0.6876508511452888,-1.3181925701635078,1
1.2689255726694086,1.2825774679624848,0
-1.0560971490148552,-1.361883374534,2
-0.6860580054291731,-1.6553673838073333,2
0.27605650926326286,-0.4642832756442557,1
0.20508751788968094,0.49095630625057934,1
-1.353484503386229,1.8275394564709266,2
-0.9712412159669309,-0.8857133888562341,1
-0.7256332931634487,-1.0991958409308074,1
0.6560263697594263,-1.9233079076090756,1
0.369148689581988,1.8508152522357584,0
0.43206535959821085,1.3493413862691812,0
1.5324568940636187,0.8795905415887831,0
0.21239136138299688,-0.3654086594312366,2
0.22135326288247228,-0.756261076112619,1
0.4599361628180489,1.4731121643865588,0
0.38651994862554967,-1.2530944512244357,1
-0.3472338054731461,1.08694398525373,2
-0.884135309782339,-1.0366344048341045,2
0.08874137153990332,-1.1956087469485173,1
0.17769767216053564,-0.23206724024505124,1
0.48708459704532264,-1.0556407464190503,1
0.5772350552785447,-1.5155465464164155,1
-0.6746773004614195,0.9692124535922895,0
-0.8360144764219183,-0.5399344367275545,1
-1.1477861391933475,-0.26439521709041686,2
-0.04098829897228342,1.5489770011647717,0
0.37540505825375425,0.67675763606378,0
0.7261234096051992,-1.7882549873490732,1
-0.5938311770151318,-1.8682938272669742,2
-0.1423034179872244,-0.9448642840262765,1
1.4533736672362396,-1.511565108796267,1
-0.9137669742502225,-1.1588069909842862,1
0.8584258178587587,-1.353542680523683,1
-0.8525331027972581,-0.06284964705021141,2
0.6897073365969376,0.8843162590918151,0
0.746049130675339,0.38835326408155246,0
-0.5117826166131079,-0.5615128455812354,1
-0.819120320394969,0.3743161030506926,2
-0.17141005302013443,-0.38491709607990554,2
0.051485355119832626,-0.2874784659918444,2
0.7656311845337674,-1.7005330051224774,1
-0.19663611568841585,1.1596307035306073,0
-2.206435796987282,-0.1848282055167318,2
0.30485532075427335,0.6275861542777106,0
0.0170137679939686,1.5747080170429564,0
0.8948111627778933,0.4073028424496313,0
-0.15457923374622207,-0.06761945292524245,1
0.7023261354189757,0.8501678169803398,0
-0.400226399412962,-0.04211579492140786,1
0.6067831901855708,-0.3838356430922858,1
0.8089855373338932,-1.4400320636592991,1
0.6955854600297637,-0.21984404011599842,0
-0.3422547268125227,1.6055955897452603,0
0.4948458041357052,0.4202937938056148,0
1.0064309815499775,-1.2185798536473673,1
-1.0250925451761472,-1.0652491464404128,2
-1.2056016667854648,-0.5946283810661436,2
-1.0299806413640749,1.82713638259406,2
-0.3409739498402608,1.7547633252138868,0
-0.13263061497732706,0.5723902137243297,1
0.4646850561877776,-0.047573414351877015,1
0.9485675765346608,0.2272580530538064,0
-0.9824960069286898,1.5062762868685637,2
-0.5190435047940769,1.1568361593239123,2
1.1946356626719874,-0.8589583817338039,1
-0.3574074923430673,-0.5059189033370506,2
0.5766562750630886,0.9826973991483974,0
0.06720316863869978,1.329502097304924,0
2.0497218532486334,-0.22445070218057864,0
1.5746138672256458,0.30632746234118813,0
-1.5560371601260083,-1.1141630503058106,2
-1.328363630296659,0.6725329759897474,2
-0.31187912029990467,-0.45262892118645237,2
0.8359011079538421,-0.4999428648287703,1
0.541994541018498,-0.2047088611158425,1
-1.576693514949687,-1.1822572840930952,2
0.15559844671839088,1.4368835871844763,0
-2.1835306236033762,-0.3336299717365838,2
2.070944938427392,0.503711422164755,0
0.8418680585028747,-0.5455862777091566,1
-1.2730348896324624,-0.4337265709154414,2
1.304683438493615,0.033455810672739304,0
-0.2512310208955871,0.4667944463657943,0
-0.8996010547974581,-1.3710252810489012,1
0.19042121230921843,0.2196310475441593,0
-0.9882665955199192,-0.5523858910776802,1
-1.4225772340752314,1.588170928022529,2
-1.1074847533120455,0.3172308411314934,2
-1.3112637789795218,-0.16954383900827574,2
-0.10798160236813309,0.4259250046743108,1
-0.17931657015981478,0.8504937760283199,2
-1.8519211388132417,0.000961685747766287,2
-0.0029410267101993882,0.9517066195030952,0
0.36916119550916415,0.7955321558368256,0
0.9732113764339565,-0.18124807209813681,1
0.9464427180213065,1.315517118412021,0
-1.2240641930600984,0.907781708721123,2
-0.7241205573201183,-0.151938800230455,2
1.4692114878743499,-1.8793886957608095,1
-1.023222719053357,0.41794151402863433,2
-0.08963810228671308,1.6892509011578987,0
2.3189911957926452,0.7763425139703874,0
-0.08362159801750575,-0.7118373550305014,1
0.747835299023577,0.8916913916764215,0
-0.061712792003265925,-0.6203677850858154,2
-1.4400899990650795,-1.2646610468531618,2
-0.24551027873059916,-1.5296514380067912,2
1.7288228561512589,-0.36306407820189446,0
-1.3255707326800894,1.9244697527622951,2
0.8043529683602956,1.0892302114455048,0
2.1614815471918654,0.06560949894233592,0
0.7848664587503458,-0.44207296325747597,0
0.3272051232033596,-1.0996286787238287,1
0.9048198301833773,-1.5991482606703862,1
1.2369527580353643,-0.7760033617976461,1
-0.9880641809505885,0.6498430942353228,2
1.0198140137082623,-0.3873264738446088,1
-0.6384885608134034,0.6940135805667462,2
-0.935171108047284,1.6364473217641173,2
0.7547513342717617,-0.029351833352118203,0
1.443031637490418,0.9721397303523228,0
-0.9980326320012436,-0.0069496118503398815,1
0.010127376414872965,0.9719580272007031,0
0.7790749038097246,-1.6991212341391768,1
0.9004187048487707,-0.25874255467560625,0
1.365735698734739,0.17072379514738326,0
-0.08247384983669542,0.8623723752768576,0
-0.7664715754290159,-1.1893867237230347,2
-0.6538139819655525,-0.45873190241784617,1
-1.5061754998069796,-1.1851571774216236,2
0.5117760046078521,0.562325339046712,0
0.8055617632789839,-1.6057568967367597,1
2.3253509359960405,0.35970039738570114,0
0.5549645284386387,-0.409323513982092,1
0.10616341503212887,-0.24834943885760044,1
-2.0948465845282525,-0.8451722135137982,2
0.04685932440790752,-0.1477926335087259,2
0.20964042591112997,0.5250193795351596,0
-0.502729668881541,1.1242760442963935,0
-0.3969365386405206,1.8526994519904916,0
-0.853055348975956,-0.39208484466151394,2
1.3240251515644557,1.3785538149984646,0
0.3895398403649624,-0.9635240212394859,1
1.1006818595140393,0.4775368801241468,0
0.8569957806114594,-0.0372753705156416,0
-0.2268202032558648,0.9657923397060851,0
-1.440736529972082,-0.5737343411470037,2
-2.062341446762832,-0.49802523766115486,2
-0.4724595885264765,-0.6695367086559717,1
1.4218949386493271,1.3038913989571652,0
1.4058919890590096,-0.17552750279458157,1
-0.4558255996396419,-0.3109497849340511,2
-0.5737997348585385,-0.7914769668964002,2
-0.501859469508378,-0.8511303429472239,1
-1.1133400492626846,-1.8523275922064888,2
-0.3652096541900127,-1.5080507148159996,1
1.4334738926293198,-1.2084257069166915,1
-0.447090396501831,-0.4906058873935045,2
1.0095435926003908,-2.1204093409211726,1
2.3227377144948966,0.6553834108713343,0
-1.8493518250071062,-0.8708493141891934,2
-0.7439654544994933,-1.1208895574328108,2
-1.446443757869573,-0.12021040245121006,2
1.0459170561550537,-1.1813791647408922,1
1.1487668586397233,0.2870229790146335,0
0.9446975472040491,0.5204299820190854,0
-0.5973245698357209,0.8808941933127156,2
1.7351051358422496,0.38959279199336305,0
-0.031085502337554475,-0.8796170352351059,1
-0.03895906248098828,-1.4347752355017294,1
0.15303688268636859,-0.1844098040941028,1
-0.7602016092992587,-0.6344834844686997,1
-0.5581180886969531,-0.7987717458028333,1
-0.04923498634100251,-1.8772119496247808,1
-0.20954641918175745,1.237654948991749,0
0.8007763538812723,1.755607446782182,0
0.764687712619131,-0.8530791079953792,1
1.1783778211410516,-1.822571747064486,1
-1.1206740848470025,-1.1762102823824994,2
0.19309570878331536,-0.2831157000088399,1
0.4618606240095138,-1.648907542396574,1
1.2248542914150595,1.379300696021389,0
-0.12050525549154201,-0.8271154211028929,1
0.7223994817110504,-1.6517475435743005,1
-1.0861680998756205,-0.38490796234796926,2
0.9802449203152188,-0.021332385970111545,1
-0.9585262667432727,0.20505423910082587,2
-1.039996042040676,0.8546310513828752,2
-1.354121523825082,0.2861791246745915,2
0.6741839265861832,-0.5174315728324779,1
1.2732822124494343,-0.6022125459044794,1
-0.005084858484752522,-1.4268133450412235,1
1.0284497913500392,0.9556035141735066,0
0.5874732844751882,0.529789573948915,0
-2.3282036961856316,-1.005895211649202,2
-0.17164680377278227,0.8043422358010557,0
0.5273548863471794,0.013958036135164052,1
0.8150330774215693,-0.40315441746422903,0
1.3610686115254613,0.32662959586013607,0
-1.318126905304996,-0.7549427167190632,2
-1.5260018507756334,-0.1551042800042858,2
0.41058071826456427,-0.7904610623344362,1
2.465546214997011,0.7372250641319755,0
-1.7461939033502385,1.8823637803970135,2
1.136807809956188,0.8506323727695873,0
-0.4992665570646418,1.137234023641547,0
-0.9020200664192822,-0.05077094516142042,2
0.20545575244305736,1.647238660229836,0
0.04264448886154482,-0.3863365754994201,1
-0.9446253482988713,1.6172206850193767,2
-1.3079768652639956,-0.9407782671646567,1
-1.085810081322382,-1.4487202403112047,2
-0.9420152949129149,-0.07166094872145298,2
-0.9160287437681877,-1.6860742070355954,2
0.9248494013968844,-0.7111410742127472,1
-0.372252167494792,2.0409543023430103,0
2.683417231130878,0.483182004221022,0
0.39816980490374876,1.9873176109059376,0
-0.1857751476174622,1.1550013972565356,0
-0.32374328390549156,-0.08305124475851156,2
-0.3478669900047859,-1.2957722849854756,1
1.6836192063478448,0.9455786893308527,0
1.154648197218676,-0.28899700316298726,1
-0.20625804016175817,-1.1277367509040954,1
-0.10026004128842797,-0.02752494116570014,1
1.3906652018104904,0.3562674651082812,0
0.3134247266973558,0.17091832839316662,0
0.11095191019189236,-1.415443642021611,1
-1.1786902779335002,-0.01398620648798813,2
-2.0296470591863476,-0.5378888975274662,2
0.45289645821651175,-1.047911898254916,1
2.1092570641600994,0.3881081886700732,0
-1.2734732784722305,0.25631587805569356,2
1.829633191041519,1.11244733876164,0
-0.12448451795657163,-1.5005624906069985,2
-2.155945490700693,-0.5102350622875121,2
-0.3226315566845521,-0.9299947817845876,1
-0.1335193306890943,-1.074648897164678,1
-0.03892045080367895,1.1308291949967821,0
0.4088979289162828,-2.1624143970860925,1
0.15409897994206043,1.7986577552372778,0
1.6559933071274295,-1.0088633320946996,1
-0.39581879577299167,-1.523651707886583,2
2.0703347932162717,-0.14236682706628348,0
1.282979657966992,0.8947727482371285,0
-1.3142734932211613,-0.8241753542092379,2
-1.783581566383515,-1.297693805121647,2
1.4752314020593909,-1.5189146469988553,1
-0.6551914208296938,0.26969112918902344,2
-0.6379676064672544,-0.9618624683324859,1
0.8843870351741624,-0.8734558305127154,1
